route,title,title_chars,description,desc_chars,h1,og_image,canonical
"/","HVAC PT Charts — Verified Pressure-Temperature Data",51,"Verified saturation pressure-temperature charts for 61 refrigerants, plus calculators for superheat, subcooling, charge, and retrofit. Data sourced from CoolProp and manufacturer datasheets.",190,"HVAC Pressure-Temperature Charts","https://hvacptcharts.com/opengraph-image?fdcf6264bfefd77a","https://hvacptcharts.com/"
"/_global-error/","500: This page couldn’t load",28,"",0,"This page couldn’t load","",""
"/_not-found/","404: This page could not be found.",34,"Verified saturation pressure-temperature charts for 61 refrigerants, plus calculators for superheat, subcooling, charge, and retrofit. Data sourced from CoolProp and manufacturer datasheets.",190,"404","https://hvacptcharts.com/opengraph-image?fdcf6264bfefd77a",""
"/about-us/","About HVAC PT Charts",20,"About HVAC PT Charts: a field reference for HVAC professionals with verified pressure-temperature data for 61 refrigerants, calculators for daily service work, and structural guarantees that the data is correct.",211,"About HVAC PT Charts","https://hvacptcharts.com/opengraph-image","https://hvacptcharts.com/about-us/"
"/calculators-hub/","HVAC Calculators: Superheat, Subcooling, Charge, PT (Free)",58,"9 free HVAC calculators built on verified CoolProp 7.2.0 data: superheat, subcooling, PT lookup, combined diagnostic, refrigerant charge, retrofit compatibility.",161,"HVAC Calculators","https://hvacptcharts.com/opengraph-image","https://hvacptcharts.com/calculators-hub/"
"/carrier-410a-charging-chart/","Carrier R410A Charging Chart: Superheat By WB & Outdoor Temp",60,"Carrier R410A fixed-orifice charging chart: target superheat at every outdoor DB × indoor WB combination, matching R410A saturation, plus worked examples.",154,"Carrier R410A Charging Chart: Target Superheat by Fixed-Orifice Ambient","https://hvacptcharts.com/opengraph-image","https://hvacptcharts.com/carrier-410a-charging-chart/"
"/contact-us/","Contact HVAC PT Charts",22,"How to get in touch with HVAC PT Charts — corrections, data questions, suggestions.",83,"Contact","https://hvacptcharts.com/opengraph-image","https://hvacptcharts.com/contact-us/"
"/dev/svg-gallery/","SVG component gallery (dev) | HVAC PT Charts",44,"Verified saturation pressure-temperature charts for 61 refrigerants, plus calculators for superheat, subcooling, charge, and retrofit. Data sourced from CoolProp and manufacturer datasheets.",190,"SVG component preview","https://hvacptcharts.com/opengraph-image?fdcf6264bfefd77a",""
"/dev/svg-gallery/gwp-comparison-bar/","SVG component gallery (dev) | HVAC PT Charts",44,"Verified saturation pressure-temperature charts for 61 refrigerants, plus calculators for superheat, subcooling, charge, and retrofit. Data sourced from CoolProp and manufacturer datasheets.",190,"SVG component preview","https://hvacptcharts.com/opengraph-image?fdcf6264bfefd77a",""
"/dev/svg-gallery/pt-curve/","SVG component gallery (dev) | HVAC PT Charts",44,"Verified saturation pressure-temperature charts for 61 refrigerants, plus calculators for superheat, subcooling, charge, and retrofit. Data sourced from CoolProp and manufacturer datasheets.",190,"SVG component preview","https://hvacptcharts.com/opengraph-image?fdcf6264bfefd77a",""
"/dev/svg-gallery/safety-class-chip/","SVG component gallery (dev) | HVAC PT Charts",44,"Verified saturation pressure-temperature charts for 61 refrigerants, plus calculators for superheat, subcooling, charge, and retrofit. Data sourced from CoolProp and manufacturer datasheets.",190,"SVG component preview","https://hvacptcharts.com/opengraph-image?fdcf6264bfefd77a",""
"/duct-size-calculator/","Duct Size Calculator: Round & Rectangular From CFM (Manual D)",61,"Free HVAC duct size calculator: enter CFM and get diameter or width×height using the ACCA Manual D equal-friction method. Includes friction rate reference.",155,"Duct Size Calculator — Round + Rectangular from CFM","https://hvacptcharts.com/opengraph-image","https://hvacptcharts.com/duct-size-calculator/"
"/guides-hub/","HVAC Guides: Commissioning, Safety, Troubleshooting (Free)",58,"Sourced HVAC field guides: PT chart reading, superheat and subcooling fundamentals, refrigerant comparisons, ASHRAE 34 safety, AIM Act regulatory context.",154,"HVAC Guides","https://hvacptcharts.com/opengraph-image","https://hvacptcharts.com/guides-hub/"
"/high-head-pressure-causes/","High Head Pressure Causes: 8-Cause HVAC Diagnostic Tree",55,"8 root causes of HVAC high head pressure: condenser fouling, overcharge, non-condensables, restriction, high ambient, compressor wear. Diagnostic decision tree.",160,"High Head Pressure Causes","https://hvacptcharts.com/opengraph-image","https://hvacptcharts.com/high-head-pressure-causes/"
"/hvac-building-automation-guide/","HVAC Building Automation: BMS, Guideline 36, Analytics (Free 101)",65,"Commercial building management systems (BMS): architecture, ASHRAE Guideline 36 sequences, analytics, and cybersecurity for HVAC-integrated buildings.",150,"HVAC Building Automation Guide — Commercial BMS Architecture, ASHRAE Guideline 36 Sequences, Points List Methodology, Integration with Lighting + Security + Fire + Elevator, Cybersecurity per NIST + ISA/IEC 62443, and Cloud-Connected BAS","https://hvacptcharts.com/opengraph-image","https://hvacptcharts.com/hvac-building-automation-guide/"
"/hvac-commissioning-guide/","HVAC Commissioning Guide: Manual T, Ducts, Blower (Free 101)",60,"Step-by-step HVAC commissioning per ACCA QI Standard 5: Manual T airflow, refrigerant verification, duct + blower-door testing, IECC leakage limits.",148,"HVAC Commissioning Guide — Manual T, Duct Testing, Blower Door, and Quality Installation Verification","https://hvacptcharts.com/opengraph-image","https://hvacptcharts.com/hvac-commissioning-guide/"
"/hvac-controls-automation-guide/","HVAC Controls Guide: Thermostats, Zoning, BAS (Free 101)",56,"HVAC controls landscape: thermostats, zoning, building automation systems, and Matter smart-home integration. What to specify at each system scale.",147,"HVAC Controls & Automation Guide — Thermostats, Zoning, Building Automation, Smart Home Integration","https://hvacptcharts.com/opengraph-image","https://hvacptcharts.com/hvac-controls-automation-guide/"
"/hvac-duct-design-guide/","HVAC Duct Design Guide: Manual D, Sizing, Static Pressure (Free 101)",68,"ACCA Manual D duct design walkthrough: equal-friction method, sizing, static pressure budget, fittings, sealing per IECC. Companion to the duct size calculator.",160,"HVAC Duct Design Guide — Manual D Explained, From System Topology to Static Pressure Budgeting","https://hvacptcharts.com/opengraph-image","https://hvacptcharts.com/hvac-duct-design-guide/"
"/hvac-ductless-mini-split-guide/","Ductless Mini-Split Guide: Cold-Climate, A2L, VRF (Free 101)",60,"Ductless mini-split and VRF systems for residential and light commercial: cold-climate heat pump performance, A2L transition, and IRA tax credit qualifying models.",163,"Ductless Mini-Split & VRF Guide — Single-Zone, Multi-Zone, Cold-Climate Heat Pumps, A2L Refrigerant Transition, Installation, Brand Comparison, IRA Tax Credits, and Commercial VRF","https://hvacptcharts.com/opengraph-image","https://hvacptcharts.com/hvac-ductless-mini-split-guide/"
"/hvac-energy-efficiency-guide/","HVAC Efficiency Guide: SEER2, HSPF2, AFUE, Heat Pumps (Free 101)",64,"SEER2, HSPF2, AFUE explained with heat pump vs furnace economics and IRA tax credit math. What efficiency ratings actually mean for HVAC operating cost.",152,"HVAC Energy Efficiency Guide — SEER2, HSPF2, AFUE Explained + Heat Pump vs Furnace Economics + IRA Tax Credits","https://hvacptcharts.com/opengraph-image","https://hvacptcharts.com/hvac-energy-efficiency-guide/"
"/hvac-energy-management-guide/","HVAC Energy Management: Auditing, FDD, M&V, BPS (Free 101)",58,"HVAC energy auditing, benchmarking, retro-commissioning, fault detection, M&V, and building performance standards — the full facility-level program.",148,"HVAC Energy Management Guide — Energy Auditing, Benchmarking, Retrocommissioning, Fault Detection, Measurement & Verification, Demand Response, and Building Performance Standards","https://hvacptcharts.com/opengraph-image","https://hvacptcharts.com/hvac-energy-management-guide/"
"/hvac-indoor-air-quality-guide/","HVAC Indoor Air Quality: MERV, HEPA, Radon, Humidity (Free 101)",63,"5 pollutant categories, MERV/HEPA filter selection, ASHRAE 62.2 ventilation, humidity control, and radon mitigation for HVAC-connected IAQ programs.",148,"HVAC Indoor Air Quality Guide — Pollutants, ASHRAE 62.2 Ventilation, MERV/HEPA Filtration, Humidity & Radon Control","https://hvacptcharts.com/opengraph-image","https://hvacptcharts.com/hvac-indoor-air-quality-guide/"
"/hvac-load-calculation-guide/","HVAC Load Calculation Guide: Manual J Step By Step (Free 101)",61,"ACCA Manual J explained end-to-end: envelope, climate zone, orientation, internal gains, and equipment sizing. Companion to the HVAC load calculator.",149,"HVAC Load Calculation Guide — Manual J Explained, From Climate Zones to Equipment Sizing","https://hvacptcharts.com/opengraph-image","https://hvacptcharts.com/hvac-load-calculation-guide/"
"/hvac-load-calculator/","HVAC Load Calculator: Manual J Cooling & Heating Load (Free)",60,"Free HVAC load calculator: enter climate zone, area, orientation, and construction; get Manual J cooling and heating load with equipment sizing guidance.",153,"HVAC Load Calculator — Quick Manual J Cooling + Heating","https://hvacptcharts.com/opengraph-image","https://hvacptcharts.com/hvac-load-calculator/"
"/hvac-maintenance-service-guide/","HVAC Maintenance Guide: Tune-Ups, Filters, ROI (Free 101)",57,"Seasonal HVAC maintenance schedule and 14-point tune-up checklist. Filter strategy by MERV, service ROI math, and OEM warranty requirements.",140,"HVAC Maintenance & Service Guide — Seasonal Schedule, Annual Tune-Up Checklist, Filter Strategy, and ROI Math","https://hvacptcharts.com/opengraph-image","https://hvacptcharts.com/hvac-maintenance-service-guide/"
"/hvac-mechanical-ventilation-guide/","HVAC Ventilation Guide: ASHRAE 62.2, ERV vs HRV (Free 101)",58,"ASHRAE 62.2 mechanical ventilation sizing, ERV vs HRV selection by climate zone, installation, and controls. Companion to the load calculation guide.",149,"HVAC Mechanical Ventilation Guide — ASHRAE 62.2 Sizing, ERV vs HRV, Climate Strategy, Installation","https://hvacptcharts.com/opengraph-image","https://hvacptcharts.com/hvac-mechanical-ventilation-guide/"
"/hvac-refrigerant-recovery-guide/","Refrigerant Recovery Guide: EPA 608 Steps + A2L Safety (Free 101)",65,"EPA Section 608 refrigerant recovery procedure step by step, plus A2L handling and cylinder safety. Applies to R22, R410A, R454B, R32 service work.",147,"HVAC Refrigerant Recovery Guide — EPA Section 608 Procedure, Equipment, Certification, and A2L Handling","https://hvacptcharts.com/opengraph-image","https://hvacptcharts.com/hvac-refrigerant-recovery-guide/"
"/hvac-retrofitting-upgrades-guide/","HVAC Retrofit Guide: R22 Phase-Out, A2L, Heat Pumps (Free 101)",62,"R22 phase-out planning, A2L equipment transition, heat pump conversion economics, IRA tax credits, and the repair-vs-replace decision framework.",144,"HVAC Retrofitting & Upgrades Guide — R22 Phase-Out, R410A → A2L Transition, Heat Pump Conversion, SEER2 Efficiency, IRA Tax Credits, and Repair vs Replace Decision Matrix","https://hvacptcharts.com/opengraph-image","https://hvacptcharts.com/hvac-retrofitting-upgrades-guide/"
"/hvac-safety-procedures-guide/","HVAC Safety Guide: Electrical, Refrigerant, A2L, PPE (Free 101)",63,"HVAC safety procedures for electrical, refrigerant, gas, hot work, and A2L handling: OSHA + LOTO + PPE requirements with equipment-specific worked scenarios.",157,"HVAC Safety Procedures Guide — Electrical, Refrigerant, Gas, Hot Work, A2L Handling, and PPE Requirements","https://hvacptcharts.com/opengraph-image","https://hvacptcharts.com/hvac-safety-procedures-guide/"
"/hvac-system-design-guide/","HVAC System Design: Manual J → S → D → T Process (Free 101)",59,"Full ACCA design cascade: Manual J load → S equipment → D duct → T airflow verification. The design workflow behind properly-sized residential HVAC.",148,"HVAC System Design Guide — Complete Manual J → S → D → T Process from Load to Commissioning","https://hvacptcharts.com/opengraph-image","https://hvacptcharts.com/hvac-system-design-guide/"
"/hvac-tools-equipment-guide/","HVAC Tools & Equipment Guide: Manifolds, Vacuum, Recovery (Free 101)",68,"13 HVAC tool categories with brand lineups: manifolds, vacuum pumps, recovery, combustion analyzers, service-truck kit. EPA 608 + AHRI 740 compliance.",150,"HVAC Tools & Equipment Guide — Manifold Gauges, Vacuum Pumps, Recovery Machines, Combustion Analyzers, Leak Detectors, and Service Truck Outfitting","https://hvacptcharts.com/opengraph-image","https://hvacptcharts.com/hvac-tools-equipment-guide/"
"/hvac-troubleshooting-guide/","HVAC Troubleshooting Guide: Diagnose Any Fault Fast (Free 101)",62,"Decision trees for HVAC cooling, heating, airflow, and efficiency faults. Symptom → likely cause → verification test → fix. Sourced diagnostic procedures.",154,"Complete HVAC Troubleshooting Guide — Decision Trees for Cooling, Heating, Airflow & Efficiency Failures","https://hvacptcharts.com/opengraph-image","https://hvacptcharts.com/hvac-troubleshooting-guide/"
"/privacy-policy/","Privacy Policy",14,"Privacy policy for HVAC PT Charts. What we collect, how we use it, advertising via Raptive, your rights and choices.",116,"Privacy Policy","https://hvacptcharts.com/opengraph-image","https://hvacptcharts.com/privacy-policy/"
"/psychrometric-calculator/","Psychrometric Calculator: Dry-Bulb, Wet-Bulb, Dew Point, RH (+ Altitude)",72,"DB + WB or DB + RH → dew point, humidity ratio, grains, enthalpy, specific volume. ASHRAE equations with altitude correction and worked examples.",145,"Psychrometric Calculator — 7 Air Properties from Any 2 Inputs","https://hvacptcharts.com/opengraph-image","https://hvacptcharts.com/psychrometric-calculator/"
"/pt-calculator/","HVAC PT Calculator: Calculate Pressure And Temperature (61 Refrigerants)",72,"Instant saturation lookup for 61 refrigerants: temperature → PSIG or pressure → °F, bubble/dew handled for blends. 70°F R410A = 201.8 PSIG saturation.",150,"PT Calculator","https://hvacptcharts.com/opengraph-image","https://hvacptcharts.com/pt-calculator/"
"/pt-chart-guide/","PT Chart Guide: How To Read A PT Chart Like A Pro (7 Key Points)",64,"Reading pressure-temperature charts step by step: gauge PSIG vs absolute, bubble vs dew for blends, glide, and the superheat/subcooling workflow.",145,"How to Read a PT Chart","https://hvacptcharts.com/opengraph-image","https://hvacptcharts.com/pt-chart-guide/"
"/pt-charts-tools-hub/","PT Charts For 61 Refrigerants: Tables, Tools, PDFs (Free)",57,"Saturation PT charts for 61 HVAC refrigerants, plus overlay comparison tool, operating-pressure references, and sortable ASHRAE 34 safety and GWP tables.",153,"PT Charts & Reference Tools","https://hvacptcharts.com/opengraph-image","https://hvacptcharts.com/pt-charts-tools-hub/"
"/pt-superheat-subcooling-calculator/","Superheat & Subcooling Calculator: Low & High Side (Any Refrigerant)",68,"Enter both sides: suction + liquid PSIG and line temps → SH, SC, and an 8-pattern charge diagnosis (undercharge, overcharge, airflow, metering).",144,"PT / Superheat / Subcooling Calculator","https://hvacptcharts.com/opengraph-image","https://hvacptcharts.com/pt-superheat-subcooling-calculator/"
"/r-1234yf-vs-r-134a/","R1234yf vs R134a: Key Differences Explained (Pressure, GWP, Oil)",64,"R1234yf vs R134a for mobile AC: A2L HFO replacement (GWP 4) for the legacy A1 HFC (GWP 1430). Similar pressure envelope, 99.7% GWP cut. Fleet-transition driver.",160,"R1234yf vs R134a: Mobile AC, Chillers, and the HFO Transition","https://hvacptcharts.com/opengraph-image","https://hvacptcharts.com/r-1234yf-vs-r-134a/"
"/r-134a-vs-r-513a/","R134a vs R513A: Key Differences Explained (Pressure, GWP, Oil)",62,"R134a vs R513A: R513A is the azeotropic R1234yf/R134a blend designed as R134a drop-in. Same A1, same POE oil, similar pressures. GWP cut 56% (1430→631).",152,"R134a vs R513A: Chiller Retrofit and New-Equipment Decision","https://hvacptcharts.com/opengraph-image","https://hvacptcharts.com/r-134a-vs-r-513a/"
"/r-22-vs-r-32/","R22 vs R32: Key Differences Explained (Pressure, GWP, Oil)",58,"R22 vs R32: HCFC A1 with MO (production banned 2020) vs modern HFC A2L with POE. R32 runs ~70% higher pressure — full A2L equipment replacement, no field retrofit.",163,"R22 vs R32: Two Generations of Residential AC Refrigerant","https://hvacptcharts.com/opengraph-image","https://hvacptcharts.com/r-22-vs-r-32/"
"/r-22-vs-r-407c/","R22 vs R407C: Key Differences Explained (Pressure, GWP, Oil)",60,"R22 vs R407C: R407C is the classic R22 retrofit HFC blend, ~11°F glide, pressures within 5% of R22. Standard retrofit — but POE oil required (MO incompatible).",159,"R22 vs R407C: The Drop-In Retrofit That Isn't Quite","https://hvacptcharts.com/opengraph-image","https://hvacptcharts.com/r-22-vs-r-407c/"
"/r-22-vs-r-410a/","R22 vs R410A: Key Differences Explained (Pressure, GWP, Oil)",60,"R22 vs R410A for residential AC: R410A pressures ~65% higher, MO→POE oil change required, R22 production banned 2020 (reclaimed legal for service). Replacement only.",165,"R22 vs R410A: Replacement Decision for Residential AC","https://hvacptcharts.com/opengraph-image","https://hvacptcharts.com/r-22-vs-r-410a/"
"/r-22-vs-r-454b/","R22 vs R454B: Key Differences Explained (Pressure, GWP, Oil)",60,"R22 vs R454B: HCFC A1 (production banned 2020, reclaimed legal) vs A2L HFC/HFO blend. R454B runs ~60% higher pressure; new A2L equipment only — no retrofit.",156,"R22 vs R454B: Legacy HCFC to Modern A2L Upgrade","https://hvacptcharts.com/opengraph-image","https://hvacptcharts.com/r-22-vs-r-454b/"
"/r-32-vs-r-410a/","R32 vs R410A: Key Differences Explained (Pressure, GWP, Oil)",60,"R32 vs R410A for residential AC: R32 runs 5–8% higher pressure with 68% GWP cut (2088→675). Both use POE oil; A1→A2L switch needs new A2L-certified equipment.",158,"R32 vs R410A: Working Comparison for HVAC","https://hvacptcharts.com/opengraph-image","https://hvacptcharts.com/r-32-vs-r-410a/"
"/r-32-vs-r-454b/","R32 vs R454B: Key Differences Explained (Pressure, GWP, Oil)",60,"R32 vs R454B for new A2L residential AC: R32 pure (Daikin/Mitsubishi) vs R454B blend (Carrier/Trane), GWP 675 vs 466, similar pressures. OEM-choice decision.",157,"R32 vs R454B: The Two Leading R410A Replacements","https://hvacptcharts.com/opengraph-image","https://hvacptcharts.com/r-32-vs-r-454b/"
"/r-404a-vs-r-449a/","R404A vs R449A: Key Differences Explained (Pressure, GWP, Oil)",62,"R404A vs R449A for commercial refrigeration: R449A is the HFO/HFC quaternary retrofit. Same POE oil, 9.5°F glide, GWP cut 67% (3922→1282). Standard retrofit.",157,"R404A vs R449A: Commercial Refrigeration Retrofit Decision","https://hvacptcharts.com/opengraph-image","https://hvacptcharts.com/r-404a-vs-r-449a/"
"/r-407c-vs-r-410a/","R407C vs R410A: Key Differences Explained (Pressure, GWP, Oil)",62,"R407C vs R410A: R407C is the R22 retrofit HFC blend (~11°F glide); R410A is new-equipment HFC. At 130°F: R410A 478 vs R407C 341 PSIG. Different equipment classes.",162,"R407C vs R410A: Two HFC Era Refrigerants, Different Roles","https://hvacptcharts.com/opengraph-image","https://hvacptcharts.com/r-407c-vs-r-410a/"
"/r-410a-vs-r-454b/","R410A vs R454B: Key Differences Explained (Pressure, GWP, Oil)",62,"R410A vs R454B for residential AC: pressures within 5%, POE oil unchanged, GWP cut 78% (2088→466). A1→A2L means new A2L equipment — no field retrofit path.",155,"R410A vs R454B: The Residential AC Phase-Down Decision","https://hvacptcharts.com/opengraph-image","https://hvacptcharts.com/r-410a-vs-r-454b/"
"/r-454c-vs-r-455a/","R454C vs R455A: Key Differences Explained (Pressure, GWP, Oil)",62,"R454C vs R455A for commercial refrigeration: both A2L, both GWP 148. R455A has 22°F glide vs R454C's 14°F, and higher pressures from 3% R744 content.",149,"R454C vs R455A: Low-GWP A2L Commercial Refrigeration Choice","https://hvacptcharts.com/opengraph-image","https://hvacptcharts.com/r-454c-vs-r-455a/"
"/r-744-vs-r-290/","R744 vs R290: Key Differences Explained (Pressure, GWP, Oil)",60,"R744 vs R290 naturals: R744 (CO2, GWP 1, non-flammable, transcritical) vs R290 (propane, GWP 3, A3 charge-limited). Different application classes — not swaps.",158,"R744 vs R290: Two Natural Refrigerants, Different Trade-offs","https://hvacptcharts.com/opengraph-image","https://hvacptcharts.com/r-744-vs-r-290/"
"/refrigerant-charge-calculator/","Refrigerant Charge Calculator: How Much Freon Do I Need? (61 Types)",67,"Nameplate charge + line-set length → total charge. Per-foot ounces from CoolProp liquid density at 100°F for R410A, R454B, R32, R22, R404A and more.",148,"Refrigerant Charge Calculator","https://hvacptcharts.com/opengraph-image","https://hvacptcharts.com/refrigerant-charge-calculator/"
"/refrigerant-comparison-guide/","Refrigerant Comparison Guide: 5-Axis Decision Framework",55,"Framework for comparing HVAC refrigerants across thermodynamics, safety class, environmental impact, regulation, and field practice — with decision logic.",154,"Refrigerant Comparison Guide","https://hvacptcharts.com/opengraph-image","https://hvacptcharts.com/refrigerant-comparison-guide/"
"/refrigerant-gwp-rankings/","Refrigerant GWP Rankings: All 61 Compared (AR5 & AR6)",53,"Sortable GWP table for 61 refrigerants from R744 (GWP 1) to R404A (3922). AIM Act 700 and EU F-Gas 150 thresholds marked. AR5 vs AR6 side by side.",146,"Refrigerant GWP Rankings","https://hvacptcharts.com/opengraph-image","https://hvacptcharts.com/refrigerant-gwp-rankings/"
"/refrigerant-prices-guide/","Refrigerant Prices Guide: Why Costs Keep Rising (AIM Act, F-Gas)",64,"How AIM Act phase-down, EU F-Gas Regulation, and the virgin/reclaimed/recycled tier structure determine refrigerant prices. R22 case study plus per-fluid analysis.",163,"Why Refrigerant Prices Keep Rising — The AIM Act, EU F-Gas Phase-Down, and the Three-Tier Pricing Structure","https://hvacptcharts.com/opengraph-image","https://hvacptcharts.com/refrigerant-prices-guide/"
"/refrigerant-pt-comparison-tool/","Refrigerant PT Comparison Tool: Overlay 2–4 Curves (Free)",57,"Overlay saturation PT curves for 2 to 4 refrigerants on one chart. Useful for R22 retrofit, R410A phase-down (R32 vs R454B), and R404A commercial transitions.",158,"Refrigerant PT Comparison Tool","https://hvacptcharts.com/opengraph-image","https://hvacptcharts.com/refrigerant-pt-comparison-tool/"
"/refrigerant-retrofit-compatibility-calculator/","Retrofit Compatibility Calculator: Any Refrigerant Pair (Free)",62,"5-criterion retrofit compatibility check for any refrigerant pair: lubricant, safety class, pressure, glide, and application match with drop-in verdict.",152,"Refrigerant Retrofit Compatibility Calculator","https://hvacptcharts.com/opengraph-image","https://hvacptcharts.com/refrigerant-retrofit-compatibility-calculator/"
"/refrigerant-safety-classifications/","Refrigerant Safety Classes: A1, A2L, A3, B1 Explained (ASHRAE 34)",65,"ASHRAE 34-2022 classifications for 61 refrigerants in one sortable table: toxicity, flammability, and charge-limit implications under UL 60335-2-40.",148,"Refrigerant Safety Classifications","https://hvacptcharts.com/opengraph-image","https://hvacptcharts.com/refrigerant-safety-classifications/"
"/refrigerant/r-11/","R11 PT Chart: Full °F/PSIG Table (Free PDF Printable)",53,"R11 saturation pressure-temperature chart, 1°F steps from -40 to 150°F. 70°F = -1.3 PSIG. Interactive lookup, °C/kPa toggle, free printable PDF.",144,"R11 PT Chart","https://hvacptcharts.com/opengraph-image","https://hvacptcharts.com/refrigerant/r-11/"
"/refrigerant/r-1150/","R1150 PT Chart: Full °F/PSIG Table (Free PDF Printable)",55,"Complete R1150 saturation pressure-temperature chart, 1°F steps from -40 to 48°F. Free interactive lookup with °C/kPa toggle, printable shop PDF table.",151,"R1150 PT Chart","https://hvacptcharts.com/opengraph-image","https://hvacptcharts.com/refrigerant/r-1150/"
"/refrigerant/r-12/","R12 PT Chart: Full °F/PSIG Table (Free PDF Printable)",53,"R12 saturation pressure-temperature chart, 1°F steps from -40 to 150°F. 70°F = 70.1 PSIG. Interactive lookup, °C/kPa toggle, free printable PDF.",144,"R12 PT Chart","https://hvacptcharts.com/opengraph-image","https://hvacptcharts.com/refrigerant/r-12/"
"/refrigerant/r-1224yd-z/","R1224yd(Z) PT Chart: Full °F/PSIG Table (Free PDF Printable)",60,"Complete R1224yd(Z) saturation pressure-temperature chart, 1°F steps from -40 to 150°F. Free interactive lookup with °C/kPa toggle, printable shop PDF table.",157,"R1224yd(Z) PT Chart","https://hvacptcharts.com/opengraph-image","https://hvacptcharts.com/refrigerant/r-1224yd-z/"
"/refrigerant/r-123/","R123 PT Chart: Full °F/PSIG Table (Free PDF Printable)",54,"R123 saturation pressure-temperature chart, 1°F steps from -40 to 150°F. 70°F = -3.3 PSIG. Interactive lookup, °C/kPa toggle, free printable PDF.",145,"R123 PT Chart","https://hvacptcharts.com/opengraph-image","https://hvacptcharts.com/refrigerant/r-123/"
"/refrigerant/r-1233zd-e/","R1233zd(E) PT Chart: Full °F/PSIG Table (Free PDF Printable)",60,"R1233zd(E) saturation pressure-temperature chart, 1°F steps from -40 to 150°F. 70°F = 1.6 PSIG. Interactive lookup, °C/kPa toggle, free printable PDF.",150,"R1233zd(E) PT Chart","https://hvacptcharts.com/opengraph-image","https://hvacptcharts.com/refrigerant/r-1233zd-e/"
"/refrigerant/r-1233zd-z/","R1233zd(Z) PT Chart: Full °F/PSIG Table (Free PDF Printable)",60,"Complete R1233zd(Z) saturation pressure-temperature chart, 1°F steps from -40 to 150°F. Free interactive lookup with °C/kPa toggle, printable shop PDF table.",157,"R1233zd(Z) PT Chart","https://hvacptcharts.com/opengraph-image","https://hvacptcharts.com/refrigerant/r-1233zd-z/"
"/refrigerant/r-1234yf/","R1234yf PT Chart: Full °F/PSIG Table (Free PDF Printable)",57,"R1234yf saturation pressure-temperature chart, 1°F steps from -40 to 150°F. 70°F = 73.9 PSIG. Interactive lookup, °C/kPa toggle, free printable PDF.",148,"R1234yf PT Chart","https://hvacptcharts.com/opengraph-image","https://hvacptcharts.com/refrigerant/r-1234yf/"
"/refrigerant/r-1234ze-e/","R1234ze(E) PT Chart: Full °F/PSIG Table (Free PDF Printable)",60,"R1234ze(E) saturation pressure-temperature chart, 1°F steps from -40 to 150°F. 70°F = 49.5 PSIG. Interactive lookup, °C/kPa toggle, free printable PDF.",151,"R1234ze(E) PT Chart","https://hvacptcharts.com/opengraph-image","https://hvacptcharts.com/refrigerant/r-1234ze-e/"
"/refrigerant/r-1234ze-z/","R1234ze(Z) PT Chart: Full °F/PSIG Table (Free PDF Printable)",60,"R1234ze(Z) saturation pressure-temperature chart, 1°F steps from 32 to 150°F. 70°F = 7.8 PSIG. Interactive lookup, °C/kPa toggle, free printable PDF.",149,"R1234ze(Z) PT Chart","https://hvacptcharts.com/opengraph-image","https://hvacptcharts.com/refrigerant/r-1234ze-z/"
"/refrigerant/r-1234ze/","R1234ze PT Chart: Full °F/PSIG Table (Free PDF Printable)",57,"R1234ze saturation pressure-temperature chart, 1°F steps from -40 to 150°F. 70°F = 49.5 PSIG. Interactive lookup, °C/kPa toggle, free printable PDF.",148,"R1234ze PT Chart","https://hvacptcharts.com/opengraph-image","https://hvacptcharts.com/refrigerant/r-1234ze/"
"/refrigerant/r-124/","R124 PT Chart: Full °F/PSIG Table (Free PDF Printable)",54,"R124 saturation pressure-temperature chart, 1°F steps from -40 to 150°F. 70°F = 34.4 PSIG. Interactive lookup, °C/kPa toggle, free printable PDF.",145,"R124 PT Chart","https://hvacptcharts.com/opengraph-image","https://hvacptcharts.com/refrigerant/r-124/"
"/refrigerant/r-125/","R125 PT Chart: Full °F/PSIG Table (Free PDF Printable)",54,"R125 saturation pressure-temperature chart, 1°F steps from -40 to 150°F. 70°F = 165.4 PSIG. Interactive lookup, °C/kPa toggle, free printable PDF.",146,"R125 PT Chart","https://hvacptcharts.com/opengraph-image","https://hvacptcharts.com/refrigerant/r-125/"
"/refrigerant/r-1270/","R1270 PT Chart: Full °F/PSIG Table (Free PDF Printable)",55,"R1270 saturation pressure-temperature chart, 1°F steps from -40 to 150°F. 70°F = 137.1 PSIG. Interactive lookup, °C/kPa toggle, free printable PDF.",147,"R1270 PT Chart","https://hvacptcharts.com/opengraph-image","https://hvacptcharts.com/refrigerant/r-1270/"
"/refrigerant/r-13/","R13 PT Chart: Full °F/PSIG Table (Free PDF Printable)",53,"R13 saturation pressure-temperature chart, 1°F steps from -40 to 83°F. 70°F = 458.6 PSIG. Interactive lookup, °C/kPa toggle, free printable PDF.",144,"R13 PT Chart","https://hvacptcharts.com/opengraph-image","https://hvacptcharts.com/refrigerant/r-13/"
"/refrigerant/r-1336mzz-z/","R1336mzz(Z) PT Chart: Full °F/PSIG Table (Free PDF Printable)",61,"Complete R1336mzz(Z) saturation pressure-temperature chart, 1°F steps from -40 to 150°F. Free interactive lookup with °C/kPa toggle, printable shop PDF table.",158,"R1336mzz(Z) PT Chart","https://hvacptcharts.com/opengraph-image","https://hvacptcharts.com/refrigerant/r-1336mzz-z/"
"/refrigerant/r-134a/","R134a PT Chart: Full °F/PSIG Table (Free PDF Printable)",55,"R134a saturation pressure-temperature chart, 1°F steps from -40 to 150°F. 70°F = 71.1 PSIG. Interactive lookup, °C/kPa toggle, free printable PDF.",146,"R134a PT Chart","https://hvacptcharts.com/opengraph-image","https://hvacptcharts.com/refrigerant/r-134a/"
"/refrigerant/r-143a/","R143a PT Chart: Full °F/PSIG Table (Free PDF Printable)",55,"R143a saturation pressure-temperature chart, 1°F steps from -40 to 150°F. 70°F = 150.4 PSIG. Interactive lookup, °C/kPa toggle, free printable PDF.",147,"R143a PT Chart","https://hvacptcharts.com/opengraph-image","https://hvacptcharts.com/refrigerant/r-143a/"
"/refrigerant/r-152a/","R152a PT Chart: Full °F/PSIG Table (Free PDF Printable)",55,"R152a saturation pressure-temperature chart, 1°F steps from -40 to 150°F. 70°F = 62.3 PSIG. Interactive lookup, °C/kPa toggle, free printable PDF.",146,"R152a PT Chart","https://hvacptcharts.com/opengraph-image","https://hvacptcharts.com/refrigerant/r-152a/"
"/refrigerant/r-218/","R218 PT Chart: Full °F/PSIG Table (Free PDF Printable)",54,"R218 saturation pressure-temperature chart, 1°F steps from -40 to 150°F. 70°F = 98.4 PSIG. Interactive lookup, °C/kPa toggle, free printable PDF.",145,"R218 PT Chart","https://hvacptcharts.com/opengraph-image","https://hvacptcharts.com/refrigerant/r-218/"
"/refrigerant/r-22/","R22 PT Chart: Full °F/PSIG Table (Free PDF Printable)",53,"Complete R22 saturation pressure-temperature chart from -40 to 150°F in 1°F steps. Production banned 2020 — reclaimed supply legal for service.",143,"R22 PT Chart","https://hvacptcharts.com/opengraph-image","https://hvacptcharts.com/refrigerant/r-22/"
"/refrigerant/r-236ea/","R236ea PT Chart: Full °F/PSIG Table (Free PDF Printable)",56,"R236ea saturation pressure-temperature chart, 1°F steps from -22 to 150°F. 70°F = 11.3 PSIG. Interactive lookup, °C/kPa toggle, free printable PDF.",147,"R236ea PT Chart","https://hvacptcharts.com/opengraph-image","https://hvacptcharts.com/refrigerant/r-236ea/"
"/refrigerant/r-236fa/","R236fa PT Chart: Full °F/PSIG Table (Free PDF Printable)",56,"R236fa saturation pressure-temperature chart, 1°F steps from -40 to 150°F. 70°F = 19.9 PSIG. Interactive lookup, °C/kPa toggle, free printable PDF.",147,"R236fa PT Chart","https://hvacptcharts.com/opengraph-image","https://hvacptcharts.com/refrigerant/r-236fa/"
"/refrigerant/r-245fa/","R245fa PT Chart: Full °F/PSIG Table (Free PDF Printable)",56,"R245fa saturation pressure-temperature chart, 1°F steps from -40 to 150°F. 70°F = 3.9 PSIG. Interactive lookup, °C/kPa toggle, free printable PDF.",146,"R245fa PT Chart","https://hvacptcharts.com/opengraph-image","https://hvacptcharts.com/refrigerant/r-245fa/"
"/refrigerant/r-290/","R290 (Propane) PT Chart: Full °F/PSIG Table (Free PDF Printable)",64,"R290 saturation pressure-temperature chart, 1°F steps from -40 to 150°F. 70°F = 110.2 PSIG. Interactive lookup, °C/kPa toggle, free printable PDF.",146,"R290 (Propane) PT Chart","https://hvacptcharts.com/opengraph-image","https://hvacptcharts.com/refrigerant/r-290/"
"/refrigerant/r-32/","R32 PT Chart: Full °F/PSIG Table (Free PDF Printable)",53,"R32 saturation pressure-temperature chart, 1°F steps from -40 to 150°F. 70°F = 205.8 PSIG. Interactive lookup, °C/kPa toggle, free printable PDF.",145,"R32 PT Chart","https://hvacptcharts.com/opengraph-image","https://hvacptcharts.com/refrigerant/r-32/"
"/refrigerant/r-365mfc/","R365mfc PT Chart: Full °F/PSIG Table (Free PDF Printable)",57,"R365mfc saturation pressure-temperature chart, 1°F steps from -29 to 150°F. 70°F = -7.7 PSIG. Interactive lookup, °C/kPa toggle, free printable PDF.",148,"R365mfc PT Chart","https://hvacptcharts.com/opengraph-image","https://hvacptcharts.com/refrigerant/r-365mfc/"
"/refrigerant/r-404a/","R404A PT Chart: Full °F/PSIG Table (Free PDF Printable)",55,"R404A saturation pressure-temperature chart, 1°F steps from -40 to 150°F. 70°F = 149.3 PSIG. Interactive lookup, °C/kPa toggle, free printable PDF.",147,"R404A PT Chart","https://hvacptcharts.com/opengraph-image","https://hvacptcharts.com/refrigerant/r-404a/"
"/refrigerant/r-407a/","R407A PT Chart: Full °F/PSIG Table (Free PDF Printable)",55,"R407A saturation pressure-temperature chart, 1°F steps from -40 to 150°F. 70°F = 148.8 PSIG. Interactive lookup, °C/kPa toggle, free printable PDF.",147,"R407A PT Chart","https://hvacptcharts.com/opengraph-image","https://hvacptcharts.com/refrigerant/r-407a/"
"/refrigerant/r-407c/","R407C PT Chart: Full °F/PSIG Table (Free PDF Printable)",55,"R407C saturation pressure-temperature chart, 1°F steps from -40 to 150°F. 70°F = 140.5 PSIG. Interactive lookup, °C/kPa toggle, free printable PDF.",147,"R407C PT Chart","https://hvacptcharts.com/opengraph-image","https://hvacptcharts.com/refrigerant/r-407c/"
"/refrigerant/r-407f/","R407F PT Chart: Full °F/PSIG Table (Free PDF Printable)",55,"R407F saturation pressure-temperature chart, 1°F steps from -40 to 150°F. 70°F = 156.4 PSIG. Interactive lookup, °C/kPa toggle, free printable PDF.",147,"R407F PT Chart","https://hvacptcharts.com/opengraph-image","https://hvacptcharts.com/refrigerant/r-407f/"
"/refrigerant/r-410a/","R410A PT Chart: Full °F/PSIG Table (Free PDF Printable)",55,"R410A saturation pressure-temperature chart, 1°F steps from -40 to 150°F. 70°F = 201.8 PSIG. Interactive lookup, °C/kPa toggle, free printable PDF.",147,"R410A PT Chart","https://hvacptcharts.com/opengraph-image","https://hvacptcharts.com/refrigerant/r-410a/"
"/refrigerant/r-417a/","R417A PT Chart: Full °F/PSIG Table (Free PDF Printable)",55,"R417A saturation pressure-temperature chart, 1°F steps from -40 to 150°F. 70°F = 113.5 PSIG. Interactive lookup, °C/kPa toggle, free printable PDF.",147,"R417A PT Chart","https://hvacptcharts.com/opengraph-image","https://hvacptcharts.com/refrigerant/r-417a/"
"/refrigerant/r-421a/","R421A PT Chart: Full °F/PSIG Table (Free PDF Printable)",55,"R421A saturation pressure-temperature chart, 1°F steps from -40 to 150°F. 70°F = 122.0 PSIG. Interactive lookup, °C/kPa toggle, free printable PDF.",147,"R421A PT Chart","https://hvacptcharts.com/opengraph-image","https://hvacptcharts.com/refrigerant/r-421a/"
"/refrigerant/r-422a/","R422A PT Chart: Full °F/PSIG Table (Free PDF Printable)",55,"R422A saturation pressure-temperature chart, 1°F steps from -40 to 150°F. 70°F = 153.2 PSIG. Interactive lookup, °C/kPa toggle, free printable PDF.",147,"R422A PT Chart","https://hvacptcharts.com/opengraph-image","https://hvacptcharts.com/refrigerant/r-422a/"
"/refrigerant/r-422b/","R422B PT Chart: Full °F/PSIG Table (Free PDF Printable)",55,"R422B saturation pressure-temperature chart, 1°F steps from -40 to 150°F. 70°F = 123.5 PSIG. Interactive lookup, °C/kPa toggle, free printable PDF.",147,"R422B PT Chart","https://hvacptcharts.com/opengraph-image","https://hvacptcharts.com/refrigerant/r-422b/"
"/refrigerant/r-422d/","R422D PT Chart: Full °F/PSIG Table (Free PDF Printable)",55,"R422D saturation pressure-temperature chart, 1°F steps from -40 to 150°F. 70°F = 133.3 PSIG. Interactive lookup, °C/kPa toggle, free printable PDF.",147,"R422D PT Chart","https://hvacptcharts.com/opengraph-image","https://hvacptcharts.com/refrigerant/r-422d/"
"/refrigerant/r-427a/","R427A PT Chart: Full °F/PSIG Table (Free PDF Printable)",55,"R427A saturation pressure-temperature chart, 1°F steps from -40 to 150°F. 70°F = 134.7 PSIG. Interactive lookup, °C/kPa toggle, free printable PDF.",147,"R427A PT Chart","https://hvacptcharts.com/opengraph-image","https://hvacptcharts.com/refrigerant/r-427a/"
"/refrigerant/r-438a/","R438A PT Chart: Full °F/PSIG Table (Free PDF Printable)",55,"Complete R438A saturation pressure-temperature chart, 1°F steps from -40 to 150°F. Free interactive lookup with °C/kPa toggle, printable shop PDF table.",152,"R438A PT Chart","https://hvacptcharts.com/opengraph-image","https://hvacptcharts.com/refrigerant/r-438a/"
"/refrigerant/r-448a/","R448A PT Chart: Full °F/PSIG Table (Free PDF Printable)",55,"Complete R448A saturation pressure-temperature chart, 1°F steps from -40 to 150°F. Free interactive lookup with °C/kPa toggle, printable shop PDF table.",152,"R448A PT Chart","https://hvacptcharts.com/opengraph-image","https://hvacptcharts.com/refrigerant/r-448a/"
"/refrigerant/r-449a/","R449A PT Chart: Full °F/PSIG Table (Free PDF Printable)",55,"R449A saturation pressure-temperature chart, 1°F steps from -40 to 150°F. 70°F = 151.0 PSIG. Interactive lookup, °C/kPa toggle, free printable PDF.",147,"R449A PT Chart","https://hvacptcharts.com/opengraph-image","https://hvacptcharts.com/refrigerant/r-449a/"
"/refrigerant/r-450a/","R450A PT Chart: Full °F/PSIG Table (Free PDF Printable)",55,"Complete R450A saturation pressure-temperature chart, 1°F steps from -40 to 150°F. Free interactive lookup with °C/kPa toggle, printable shop PDF table.",152,"R450A PT Chart","https://hvacptcharts.com/opengraph-image","https://hvacptcharts.com/refrigerant/r-450a/"
"/refrigerant/r-452a/","R452A PT Chart: Full °F/PSIG Table (Free PDF Printable)",55,"R452A saturation pressure-temperature chart, 1°F steps from -40 to 150°F. 70°F = 156.9 PSIG. Interactive lookup, °C/kPa toggle, free printable PDF.",147,"R452A PT Chart","https://hvacptcharts.com/opengraph-image","https://hvacptcharts.com/refrigerant/r-452a/"
"/refrigerant/r-452b/","R452B PT Chart: Full °F/PSIG Table (Free PDF Printable)",55,"R452B saturation pressure-temperature chart, 1°F steps from -40 to 150°F. 70°F = 192.5 PSIG. Interactive lookup, °C/kPa toggle, free printable PDF.",147,"R452B PT Chart","https://hvacptcharts.com/opengraph-image","https://hvacptcharts.com/refrigerant/r-452b/"
"/refrigerant/r-454b/","R454B PT Chart: Full °F/PSIG Table (Free PDF Printable)",55,"R454B saturation pressure-temperature chart, 1°F steps from -40 to 134°F. 70°F = 190.5 PSIG. Interactive lookup, °C/kPa toggle, free printable PDF.",147,"R454B PT Chart","https://hvacptcharts.com/opengraph-image","https://hvacptcharts.com/refrigerant/r-454b/"
"/refrigerant/r-454c/","R454C PT Chart: Full °F/PSIG Table (Free PDF Printable)",55,"R454C saturation pressure-temperature chart, 1°F steps from -40 to 150°F. 70°F = 141.2 PSIG. Interactive lookup, °C/kPa toggle, free printable PDF.",147,"R454C PT Chart","https://hvacptcharts.com/opengraph-image","https://hvacptcharts.com/refrigerant/r-454c/"
"/refrigerant/r-455a/","R455A PT Chart: Full °F/PSIG Table (Free PDF Printable)",55,"R455A saturation pressure-temperature chart, 1°F steps from -40 to 150°F. 70°F = 170.1 PSIG. Interactive lookup, °C/kPa toggle, free printable PDF.",147,"R455A PT Chart","https://hvacptcharts.com/opengraph-image","https://hvacptcharts.com/refrigerant/r-455a/"
"/refrigerant/r-457a/","R457A PT Chart: Full °F/PSIG Table (Free PDF Printable)",55,"R457A saturation pressure-temperature chart, 1°F steps from -40 to 150°F. 70°F = 125.6 PSIG. Interactive lookup, °C/kPa toggle, free printable PDF.",147,"R457A PT Chart","https://hvacptcharts.com/opengraph-image","https://hvacptcharts.com/refrigerant/r-457a/"
"/refrigerant/r-500/","R500 PT Chart: Full °F/PSIG Table (Free PDF Printable)",54,"R500 saturation pressure-temperature chart, 1°F steps from -40 to 150°F. 70°F = 86.6 PSIG. Interactive lookup, °C/kPa toggle, free printable PDF.",145,"R500 PT Chart","https://hvacptcharts.com/opengraph-image","https://hvacptcharts.com/refrigerant/r-500/"
"/refrigerant/r-502/","R502 PT Chart: Full °F/PSIG Table (Free PDF Printable)",54,"R502 saturation pressure-temperature chart, 1°F steps from -40 to 150°F. 70°F = 133.9 PSIG. Interactive lookup, °C/kPa toggle, free printable PDF.",146,"R502 PT Chart","https://hvacptcharts.com/opengraph-image","https://hvacptcharts.com/refrigerant/r-502/"
"/refrigerant/r-503/","R503 PT Chart: Full °F/PSIG Table (Free PDF Printable)",54,"Complete R503 saturation pressure-temperature chart, 1°F steps from -40 to 150°F. Free interactive lookup with °C/kPa toggle, printable shop PDF table.",151,"R503 PT Chart","https://hvacptcharts.com/opengraph-image","https://hvacptcharts.com/refrigerant/r-503/"
"/refrigerant/r-507a/","R507A PT Chart: Full °F/PSIG Table (Free PDF Printable)",55,"R507A saturation pressure-temperature chart, 1°F steps from -40 to 148°F. 70°F = 153.0 PSIG. Interactive lookup, °C/kPa toggle, free printable PDF.",147,"R507A PT Chart","https://hvacptcharts.com/opengraph-image","https://hvacptcharts.com/refrigerant/r-507a/"
"/refrigerant/r-513a/","R513A PT Chart: Full °F/PSIG Table (Free PDF Printable)",55,"R513A saturation pressure-temperature chart, 1°F steps from -40 to 150°F. 70°F = 77.2 PSIG. Interactive lookup, °C/kPa toggle, free printable PDF.",146,"R513A PT Chart","https://hvacptcharts.com/opengraph-image","https://hvacptcharts.com/refrigerant/r-513a/"
"/refrigerant/r-514a/","R514A PT Chart: Full °F/PSIG Table (Free PDF Printable)",55,"Complete R514A saturation pressure-temperature chart, 1°F steps from -40 to 150°F. Free interactive lookup with °C/kPa toggle, printable shop PDF table.",152,"R514A PT Chart","https://hvacptcharts.com/opengraph-image","https://hvacptcharts.com/refrigerant/r-514a/"
"/refrigerant/r-515a/","R515A PT Chart: Full °F/PSIG Table (Free PDF Printable)",55,"Complete R515A saturation pressure-temperature chart, 1°F steps from -40 to 150°F. Free interactive lookup with °C/kPa toggle, printable shop PDF table.",152,"R515A PT Chart","https://hvacptcharts.com/opengraph-image","https://hvacptcharts.com/refrigerant/r-515a/"
"/refrigerant/r-515b/","R515B PT Chart: Full °F/PSIG Table (Free PDF Printable)",55,"Complete R515B saturation pressure-temperature chart, 1°F steps from -40 to 150°F. Free interactive lookup with °C/kPa toggle, printable shop PDF table.",152,"R515B PT Chart","https://hvacptcharts.com/opengraph-image","https://hvacptcharts.com/refrigerant/r-515b/"
"/refrigerant/r-516a/","R516A PT Chart: Full °F/PSIG Table (Free PDF Printable)",55,"R516A saturation table °F/PSIG and °C/kPa. ASHRAE A2L, GWP 142 — under the EU F-Gas 150 cap. Full PT chart, service notes, and R134a drop-in comparison.",152,"R516A PT Chart","https://hvacptcharts.com/opengraph-image","https://hvacptcharts.com/refrigerant/r-516a/"
"/refrigerant/r-600a/","R600a (Isobutane) PT Chart: Full °F/PSIG Table (Free PDF Printable)",67,"R600a saturation pressure-temperature chart, 1°F steps from -40 to 150°F. 70°F = 30.6 PSIG. Interactive lookup, °C/kPa toggle, free printable PDF.",146,"R600a (Isobutane) PT Chart","https://hvacptcharts.com/opengraph-image","https://hvacptcharts.com/refrigerant/r-600a/"
"/refrigerant/r-717/","R717 (Ammonia) PT Chart: Full °F/PSIG Table (Free PDF Printable)",64,"R717 saturation pressure-temperature chart, 1°F steps from -40 to 150°F. 70°F = 114.1 PSIG. Interactive lookup, °C/kPa toggle, free printable PDF.",146,"R717 (Ammonia) PT Chart","https://hvacptcharts.com/opengraph-image","https://hvacptcharts.com/refrigerant/r-717/"
"/refrigerant/r-744/","R744 (CO2) PT Chart: Full °F/PSIG Table (Free PDF Printable)",60,"R744 saturation pressure-temperature chart, 1°F steps from -40 to 87°F. 70°F = 838.1 PSIG. Interactive lookup, °C/kPa toggle, free printable PDF.",145,"R744 (CO2) PT Chart","https://hvacptcharts.com/opengraph-image","https://hvacptcharts.com/refrigerant/r-744/"
"/refrigerant/r-c318/","RC318 PT Chart: Full °F/PSIG Table (Free PDF Printable)",55,"RC318 saturation pressure-temperature chart, 1°F steps from -39 to 150°F. 70°F = 25.3 PSIG. Interactive lookup, °C/kPa toggle, free printable PDF.",146,"RC318 PT Chart","https://hvacptcharts.com/opengraph-image","https://hvacptcharts.com/refrigerant/r-c318/"
"/saturation-properties-calculator/","HVAC Saturation Calculator: Saturation Temp And Pressure (Easy)",63,"Full saturation state at any temperature or pressure for 50+ refrigerants: density, enthalpy, entropy, latent heat. CoolProp 7.2.0, bubble and dew for blends.",158,"Saturation Properties Calculator","https://hvacptcharts.com/opengraph-image","https://hvacptcharts.com/saturation-properties-calculator/"
"/subcooling-calculator/","Subcooling Calculator: What Should Subcooling Be? (61 Refrigerants)",67,"Liquid PSIG + line temp → subcooling with overcharge/undercharge reading. TXV target 8–12°F. Works for all common refrigerants including blends with glide.",155,"Subcooling Calculator","https://hvacptcharts.com/opengraph-image","https://hvacptcharts.com/subcooling-calculator/"
"/superheat-calculator/","Superheat Calculator: For Any Refrigerant (+ Target Chart)",58,"Free superheat calculator for 50+ refrigerants with dew-curve math for blends. Suction PSIG + line temp → superheat, ACCA Manual T targets, diagnostics.",152,"Superheat Calculator","https://hvacptcharts.com/opengraph-image","https://hvacptcharts.com/superheat-calculator/"
"/superheat-subcooling-fundamentals/","Superheat And Subcooling Explained: What Are They In HVAC? (Guide)",66,"What superheat and subcooling mean, how to measure both, target ranges by metering-device type (TXV 8–15°F SH), and the 4-pattern diagnostic matrix.",148,"Superheat & Subcooling Fundamentals","https://hvacptcharts.com/opengraph-image","https://hvacptcharts.com/superheat-subcooling-fundamentals/"
"/system-pressure-diagnostic-calculator/","System Pressure Diagnostic: 8-Input HVAC Fault Finder (Free)",60,"Enter ambient, return air, suction and liquid P/T, system type: get superheat, subcooling, condenser and evaporator approach with severity-ranked findings.",155,"System Pressure Diagnostic Calculator","https://hvacptcharts.com/opengraph-image","https://hvacptcharts.com/system-pressure-diagnostic-calculator/"
"/terms-of-service/","Terms of Service",16,"Terms of service for HVAC PT Charts: what the site is, what it isn't, disclaimers, intellectual property.",105,"Terms of Service","https://hvacptcharts.com/opengraph-image","https://hvacptcharts.com/terms-of-service/"
"/what-pressure-should-410a/","R410A Operating Pressures: What Should R410A Be? (By Temp)",58,"R410A operating pressures on residential AC: 40°F evap = 119 PSIG saturation, head 250–500 PSIG over outdoor 65–115°F. Diagnostic procedure + FAQ.",146,"What Pressure Should R410A Be?","https://hvacptcharts.com/opengraph-image","https://hvacptcharts.com/what-pressure-should-410a/"
"/what-pressure-should-r1234yf/","R1234yf Operating Pressures: What Should R1234yf Be? (By Temp)",62,"R1234yf mobile AC operating pressures: high side 150–290 PSIG (idle to load), low side 25–45 PSIG. EPA 609 + SAE J2843 procedures. Cross-contamination FAQ.",155,"What Pressure Should R1234yf Be?","https://hvacptcharts.com/opengraph-image","https://hvacptcharts.com/what-pressure-should-r1234yf/"
"/what-pressure-should-r134a/","R134a Operating Pressures: What Should R134a Be? (By Temp)",58,"R134a operating pressures on refrigeration and chillers: 40°F evap = 35 PSIG saturation, head 150–240 PSIG typical. Diagnostic procedure + service notes.",153,"What Pressure Should R134a Be?","https://hvacptcharts.com/opengraph-image","https://hvacptcharts.com/what-pressure-should-r134a/"
"/what-pressure-should-r22/","R22 Operating Pressures: What Should R22 Be? (By Temp)",54,"R22 operating pressures on residential AC: 40°F evap = 68 PSIG saturation, head 200–320 PSIG at outdoor 65–115°F. Reclaimed-supply diagnostic + FAQ.",148,"What Pressure Should R22 Be?","https://hvacptcharts.com/opengraph-image","https://hvacptcharts.com/what-pressure-should-r22/"
"/what-pressure-should-r32/","R32 Operating Pressures: What Should R32 Be? (By Temp)",54,"R32 A2L residential AC operating pressures: 40°F evap = 121 PSIG saturation, head 280–580 PSIG at outdoor 65–115°F. Diagnostic procedure + A2L handling notes.",158,"What Pressure Should R32 Be?","https://hvacptcharts.com/opengraph-image","https://hvacptcharts.com/what-pressure-should-r32/"
"/what-pressure-should-r404a/","R404A Operating Pressures: What Should R404A Be? (By Temp)",58,"R404A commercial refrigeration operating pressures: 40°F evap ≈ 86 PSIG saturation, low-temp 20–45 PSIG, head 240–360 PSIG. Diagnostic procedure + FAQ.",151,"What Pressure Should R404A Be?","https://hvacptcharts.com/opengraph-image","https://hvacptcharts.com/what-pressure-should-r404a/"
"/what-pressure-should-r407c/","R407C Operating Pressures: What Should R407C Be? (By Temp)",58,"R407C operating pressures on residential AC (R22 retrofit): 40°F dew = 63 PSIG, head 240–380 PSIG by outdoor temp. Diagnostic procedure + glide notes.",150,"What Pressure Should R407C Be?","https://hvacptcharts.com/opengraph-image","https://hvacptcharts.com/what-pressure-should-r407c/"
"/what-pressure-should-r449a/","R449A Operating Pressures: What Should R449A Be? (By Temp)",58,"R449A operating pressures on commercial refrigeration (R404A Opteon XP40 retrofit): 40°F dew ≈ 72 PSIG, head 240–360 PSIG. Diagnostic + retrofit notes.",151,"What Pressure Should R449A Be?","https://hvacptcharts.com/opengraph-image","https://hvacptcharts.com/what-pressure-should-r449a/"
"/what-pressure-should-r454b/","R454B Operating Pressures: What Should R454B Be? (By Temp)",58,"R454B A2L residential AC operating pressures: 40°F dew ≈ 107 PSIG, head 240–490 PSIG at outdoor 65–115°F. Diagnostic procedure + A2L handling.",142,"What Pressure Should R454B Be?","https://hvacptcharts.com/opengraph-image","https://hvacptcharts.com/what-pressure-should-r454b/"
"/what-pressure-should-r454c/","R454C Operating Pressures: What Should R454C Be? (By Temp)",58,"R454C A2L commercial refrigeration operating pressures: 40°F dew ≈ 62 PSIG, head 210–330 PSIG by ambient. Diagnostic procedure + 14°F glide notes.",146,"What Pressure Should R454C Be?","https://hvacptcharts.com/opengraph-image","https://hvacptcharts.com/what-pressure-should-r454c/"
"/what-pressure-should-r744/","R744 (CO2) Operating Pressures: What Should They Be? (By Temp)",62,"R744 CO2 transcritical operating pressures: suction 250–450 PSIG, discharge 1200–1800 PSIG in warm climate. Very different regime — dedicated procedure + FAQ.",158,"What Pressure Should R744 (CO2) Be?","https://hvacptcharts.com/opengraph-image","https://hvacptcharts.com/what-pressure-should-r744/"
