url,initialStatus,finalStatus,redirectChain,finalUrl,canonical,robots,googlebot,xRobotsTag,titleLen,descLen,h1Count,updatedDate,jsonldParses,jsonldTypes,jsonldDateModified,linksOut,linksIn,wordCount,isSitemap
http://localhost:3247/,200,200,,http://localhost:3247/,https://hvacptcharts.com/,"index, follow","index, follow, max-video-preview:-1, max-image-preview:large, max-snippet:-1",,51,190,1,,true,Organization|ImageObject|WebSite|SearchAction|EntryPoint|CollectionPage|ItemList|ListItem,,101,132,1183,true
http://localhost:3247/about-us/,200,200,,http://localhost:3247/about-us/,https://hvacptcharts.com/about-us/,"index, follow","index, follow, max-video-preview:-1, max-image-preview:large, max-snippet:-1",,20,211,1,,true,Organization|ImageObject|WebSite|SearchAction|EntryPoint|AboutPage|BreadcrumbList|ListItem,,16,132,993,true
http://localhost:3247/ac-compressor-short-cycling/,200,200,,http://localhost:3247/ac-compressor-short-cycling/,https://hvacptcharts.com/ac-compressor-short-cycling/,"index, follow","index, follow, max-video-preview:-1, max-image-preview:large, max-snippet:-1",,56,150,1,"September 26, 2026",true,Organization|ImageObject|WebSite|SearchAction|EntryPoint|TechArticle|CreativeWork|FAQPage|Question|Answer|BreadcrumbList|ListItem,2026-09-26,22,5,3352,true
http://localhost:3247/ac-low-side-pressure-too-high/,200,200,,http://localhost:3247/ac-low-side-pressure-too-high/,https://hvacptcharts.com/ac-low-side-pressure-too-high/,"index, follow","index, follow, max-video-preview:-1, max-image-preview:large, max-snippet:-1",,59,149,1,"July 18, 2026",true,Organization|ImageObject|WebSite|SearchAction|EntryPoint|TechArticle|CreativeWork|FAQPage|Question|Answer|BreadcrumbList|ListItem,2026-07-18,21,14,1977,true
http://localhost:3247/calculators-hub/,200,200,,http://localhost:3247/calculators-hub/,https://hvacptcharts.com/calculators-hub/,"index, follow","index, follow, max-video-preview:-1, max-image-preview:large, max-snippet:-1",,58,156,1,"September 27, 2026",true,Organization|ImageObject|WebSite|SearchAction|EntryPoint|CollectionPage|ItemList|ListItem|BreadcrumbList,2026-09-27,30,132,2160,true
http://localhost:3247/carrier-410a-charging-chart/,200,200,,http://localhost:3247/carrier-410a-charging-chart/,https://hvacptcharts.com/carrier-410a-charging-chart/,"index, follow","index, follow, max-video-preview:-1, max-image-preview:large, max-snippet:-1",,60,154,1,"September 27, 2026",true,Organization|ImageObject|WebSite|SearchAction|EntryPoint|TechArticle|Thing|HowTo|HowToTool|HowToSupply|HowToStep|FAQPage|Question|Answer|BreadcrumbList|ListItem,2026-09-27,25,7,4470,true
http://localhost:3247/contact-us/,200,200,,http://localhost:3247/contact-us/,https://hvacptcharts.com/contact-us/,"index, follow","index, follow, max-video-preview:-1, max-image-preview:large, max-snippet:-1",,22,83,1,,true,Organization|ImageObject|WebSite|SearchAction|EntryPoint|ContactPage|BreadcrumbList|ListItem,,16,132,289,true
http://localhost:3247/data/refrigerant/r-11/csv/,200,200,,http://localhost:3247/data/refrigerant/r-11/csv/,,,,,0,0,,,,,,0,1,,false
http://localhost:3247/data/refrigerant/r-11/json/,200,200,,http://localhost:3247/data/refrigerant/r-11/json/,,,,,0,0,,,,,,0,1,,false
http://localhost:3247/data/refrigerant/r-1150/csv/,200,200,,http://localhost:3247/data/refrigerant/r-1150/csv/,,,,,0,0,,,,,,0,1,,false
http://localhost:3247/data/refrigerant/r-1150/json/,200,200,,http://localhost:3247/data/refrigerant/r-1150/json/,,,,,0,0,,,,,,0,1,,false
http://localhost:3247/data/refrigerant/r-12/csv/,200,200,,http://localhost:3247/data/refrigerant/r-12/csv/,,,,,0,0,,,,,,0,1,,false
http://localhost:3247/data/refrigerant/r-12/json/,200,200,,http://localhost:3247/data/refrigerant/r-12/json/,,,,,0,0,,,,,,0,1,,false
http://localhost:3247/data/refrigerant/r-1224yd-z/csv/,200,200,,http://localhost:3247/data/refrigerant/r-1224yd-z/csv/,,,,,0,0,,,,,,0,1,,false
http://localhost:3247/data/refrigerant/r-1224yd-z/json/,200,200,,http://localhost:3247/data/refrigerant/r-1224yd-z/json/,,,,,0,0,,,,,,0,1,,false
http://localhost:3247/data/refrigerant/r-123/csv/,200,200,,http://localhost:3247/data/refrigerant/r-123/csv/,,,,,0,0,,,,,,0,1,,false
http://localhost:3247/data/refrigerant/r-123/json/,200,200,,http://localhost:3247/data/refrigerant/r-123/json/,,,,,0,0,,,,,,0,1,,false
http://localhost:3247/data/refrigerant/r-1233zd-e/csv/,200,200,,http://localhost:3247/data/refrigerant/r-1233zd-e/csv/,,,,,0,0,,,,,,0,1,,false
http://localhost:3247/data/refrigerant/r-1233zd-e/json/,200,200,,http://localhost:3247/data/refrigerant/r-1233zd-e/json/,,,,,0,0,,,,,,0,1,,false
http://localhost:3247/data/refrigerant/r-1234yf/csv/,200,200,,http://localhost:3247/data/refrigerant/r-1234yf/csv/,,,,,0,0,,,,,,0,1,,false
http://localhost:3247/data/refrigerant/r-1234yf/json/,200,200,,http://localhost:3247/data/refrigerant/r-1234yf/json/,,,,,0,0,,,,,,0,1,,false
http://localhost:3247/data/refrigerant/r-1234ze-e/csv/,200,200,,http://localhost:3247/data/refrigerant/r-1234ze-e/csv/,,,,,0,0,,,,,,0,1,,false
http://localhost:3247/data/refrigerant/r-1234ze-e/json/,200,200,,http://localhost:3247/data/refrigerant/r-1234ze-e/json/,,,,,0,0,,,,,,0,1,,false
http://localhost:3247/data/refrigerant/r-1234ze-z/csv/,200,200,,http://localhost:3247/data/refrigerant/r-1234ze-z/csv/,,,,,0,0,,,,,,0,1,,false
http://localhost:3247/data/refrigerant/r-1234ze-z/json/,200,200,,http://localhost:3247/data/refrigerant/r-1234ze-z/json/,,,,,0,0,,,,,,0,1,,false
http://localhost:3247/data/refrigerant/r-1234ze/csv/,200,200,,http://localhost:3247/data/refrigerant/r-1234ze/csv/,,,,,0,0,,,,,,0,1,,false
http://localhost:3247/data/refrigerant/r-1234ze/json/,200,200,,http://localhost:3247/data/refrigerant/r-1234ze/json/,,,,,0,0,,,,,,0,1,,false
http://localhost:3247/data/refrigerant/r-124/csv/,200,200,,http://localhost:3247/data/refrigerant/r-124/csv/,,,,,0,0,,,,,,0,1,,false
http://localhost:3247/data/refrigerant/r-124/json/,200,200,,http://localhost:3247/data/refrigerant/r-124/json/,,,,,0,0,,,,,,0,1,,false
http://localhost:3247/data/refrigerant/r-125/csv/,200,200,,http://localhost:3247/data/refrigerant/r-125/csv/,,,,,0,0,,,,,,0,1,,false
http://localhost:3247/data/refrigerant/r-125/json/,200,200,,http://localhost:3247/data/refrigerant/r-125/json/,,,,,0,0,,,,,,0,1,,false
http://localhost:3247/data/refrigerant/r-1270/csv/,200,200,,http://localhost:3247/data/refrigerant/r-1270/csv/,,,,,0,0,,,,,,0,1,,false
http://localhost:3247/data/refrigerant/r-1270/json/,200,200,,http://localhost:3247/data/refrigerant/r-1270/json/,,,,,0,0,,,,,,0,1,,false
http://localhost:3247/data/refrigerant/r-13/csv/,200,200,,http://localhost:3247/data/refrigerant/r-13/csv/,,,,,0,0,,,,,,0,1,,false
http://localhost:3247/data/refrigerant/r-13/json/,200,200,,http://localhost:3247/data/refrigerant/r-13/json/,,,,,0,0,,,,,,0,1,,false
http://localhost:3247/data/refrigerant/r-1336mzz-z/csv/,200,200,,http://localhost:3247/data/refrigerant/r-1336mzz-z/csv/,,,,,0,0,,,,,,0,1,,false
http://localhost:3247/data/refrigerant/r-1336mzz-z/json/,200,200,,http://localhost:3247/data/refrigerant/r-1336mzz-z/json/,,,,,0,0,,,,,,0,1,,false
http://localhost:3247/data/refrigerant/r-134a/csv/,200,200,,http://localhost:3247/data/refrigerant/r-134a/csv/,,,,,0,0,,,,,,0,1,,false
http://localhost:3247/data/refrigerant/r-134a/json/,200,200,,http://localhost:3247/data/refrigerant/r-134a/json/,,,,,0,0,,,,,,0,1,,false
http://localhost:3247/data/refrigerant/r-143a/csv/,200,200,,http://localhost:3247/data/refrigerant/r-143a/csv/,,,,,0,0,,,,,,0,1,,false
http://localhost:3247/data/refrigerant/r-143a/json/,200,200,,http://localhost:3247/data/refrigerant/r-143a/json/,,,,,0,0,,,,,,0,1,,false
http://localhost:3247/data/refrigerant/r-152a/csv/,200,200,,http://localhost:3247/data/refrigerant/r-152a/csv/,,,,,0,0,,,,,,0,1,,false
http://localhost:3247/data/refrigerant/r-152a/json/,200,200,,http://localhost:3247/data/refrigerant/r-152a/json/,,,,,0,0,,,,,,0,1,,false
http://localhost:3247/data/refrigerant/r-218/csv/,200,200,,http://localhost:3247/data/refrigerant/r-218/csv/,,,,,0,0,,,,,,0,1,,false
http://localhost:3247/data/refrigerant/r-218/json/,200,200,,http://localhost:3247/data/refrigerant/r-218/json/,,,,,0,0,,,,,,0,1,,false
http://localhost:3247/data/refrigerant/r-22/csv/,200,200,,http://localhost:3247/data/refrigerant/r-22/csv/,,,,,0,0,,,,,,0,1,,false
http://localhost:3247/data/refrigerant/r-22/json/,200,200,,http://localhost:3247/data/refrigerant/r-22/json/,,,,,0,0,,,,,,0,1,,false
http://localhost:3247/data/refrigerant/r-236ea/csv/,200,200,,http://localhost:3247/data/refrigerant/r-236ea/csv/,,,,,0,0,,,,,,0,1,,false
http://localhost:3247/data/refrigerant/r-236ea/json/,200,200,,http://localhost:3247/data/refrigerant/r-236ea/json/,,,,,0,0,,,,,,0,1,,false
http://localhost:3247/data/refrigerant/r-236fa/csv/,200,200,,http://localhost:3247/data/refrigerant/r-236fa/csv/,,,,,0,0,,,,,,0,1,,false
http://localhost:3247/data/refrigerant/r-236fa/json/,200,200,,http://localhost:3247/data/refrigerant/r-236fa/json/,,,,,0,0,,,,,,0,1,,false
http://localhost:3247/data/refrigerant/r-245fa/csv/,200,200,,http://localhost:3247/data/refrigerant/r-245fa/csv/,,,,,0,0,,,,,,0,1,,false
http://localhost:3247/data/refrigerant/r-245fa/json/,200,200,,http://localhost:3247/data/refrigerant/r-245fa/json/,,,,,0,0,,,,,,0,1,,false
http://localhost:3247/data/refrigerant/r-290/csv/,200,200,,http://localhost:3247/data/refrigerant/r-290/csv/,,,,,0,0,,,,,,0,1,,false
http://localhost:3247/data/refrigerant/r-290/json/,200,200,,http://localhost:3247/data/refrigerant/r-290/json/,,,,,0,0,,,,,,0,1,,false
http://localhost:3247/data/refrigerant/r-32/csv/,200,200,,http://localhost:3247/data/refrigerant/r-32/csv/,,,,,0,0,,,,,,0,1,,false
http://localhost:3247/data/refrigerant/r-32/json/,200,200,,http://localhost:3247/data/refrigerant/r-32/json/,,,,,0,0,,,,,,0,1,,false
http://localhost:3247/data/refrigerant/r-365mfc/csv/,200,200,,http://localhost:3247/data/refrigerant/r-365mfc/csv/,,,,,0,0,,,,,,0,1,,false
http://localhost:3247/data/refrigerant/r-365mfc/json/,200,200,,http://localhost:3247/data/refrigerant/r-365mfc/json/,,,,,0,0,,,,,,0,1,,false
http://localhost:3247/data/refrigerant/r-404a/csv/,200,200,,http://localhost:3247/data/refrigerant/r-404a/csv/,,,,,0,0,,,,,,0,1,,false
http://localhost:3247/data/refrigerant/r-404a/json/,200,200,,http://localhost:3247/data/refrigerant/r-404a/json/,,,,,0,0,,,,,,0,1,,false
http://localhost:3247/data/refrigerant/r-407a/csv/,200,200,,http://localhost:3247/data/refrigerant/r-407a/csv/,,,,,0,0,,,,,,0,1,,false
http://localhost:3247/data/refrigerant/r-407a/json/,200,200,,http://localhost:3247/data/refrigerant/r-407a/json/,,,,,0,0,,,,,,0,1,,false
http://localhost:3247/data/refrigerant/r-407c/csv/,200,200,,http://localhost:3247/data/refrigerant/r-407c/csv/,,,,,0,0,,,,,,0,1,,false
http://localhost:3247/data/refrigerant/r-407c/json/,200,200,,http://localhost:3247/data/refrigerant/r-407c/json/,,,,,0,0,,,,,,0,1,,false
http://localhost:3247/data/refrigerant/r-407f/csv/,200,200,,http://localhost:3247/data/refrigerant/r-407f/csv/,,,,,0,0,,,,,,0,1,,false
http://localhost:3247/data/refrigerant/r-407f/json/,200,200,,http://localhost:3247/data/refrigerant/r-407f/json/,,,,,0,0,,,,,,0,1,,false
http://localhost:3247/data/refrigerant/r-410a/csv/,200,200,,http://localhost:3247/data/refrigerant/r-410a/csv/,,,,,0,0,,,,,,0,2,,false
http://localhost:3247/data/refrigerant/r-410a/json/,200,200,,http://localhost:3247/data/refrigerant/r-410a/json/,,,,,0,0,,,,,,0,2,,false
http://localhost:3247/data/refrigerant/r-417a/csv/,200,200,,http://localhost:3247/data/refrigerant/r-417a/csv/,,,,,0,0,,,,,,0,1,,false
http://localhost:3247/data/refrigerant/r-417a/json/,200,200,,http://localhost:3247/data/refrigerant/r-417a/json/,,,,,0,0,,,,,,0,1,,false
http://localhost:3247/data/refrigerant/r-421a/csv/,200,200,,http://localhost:3247/data/refrigerant/r-421a/csv/,,,,,0,0,,,,,,0,1,,false
http://localhost:3247/data/refrigerant/r-421a/json/,200,200,,http://localhost:3247/data/refrigerant/r-421a/json/,,,,,0,0,,,,,,0,1,,false
http://localhost:3247/data/refrigerant/r-422a/csv/,200,200,,http://localhost:3247/data/refrigerant/r-422a/csv/,,,,,0,0,,,,,,0,1,,false
http://localhost:3247/data/refrigerant/r-422a/json/,200,200,,http://localhost:3247/data/refrigerant/r-422a/json/,,,,,0,0,,,,,,0,1,,false
http://localhost:3247/data/refrigerant/r-422b/csv/,200,200,,http://localhost:3247/data/refrigerant/r-422b/csv/,,,,,0,0,,,,,,0,1,,false
http://localhost:3247/data/refrigerant/r-422b/json/,200,200,,http://localhost:3247/data/refrigerant/r-422b/json/,,,,,0,0,,,,,,0,1,,false
http://localhost:3247/data/refrigerant/r-422d/csv/,200,200,,http://localhost:3247/data/refrigerant/r-422d/csv/,,,,,0,0,,,,,,0,1,,false
http://localhost:3247/data/refrigerant/r-422d/json/,200,200,,http://localhost:3247/data/refrigerant/r-422d/json/,,,,,0,0,,,,,,0,1,,false
http://localhost:3247/data/refrigerant/r-427a/csv/,200,200,,http://localhost:3247/data/refrigerant/r-427a/csv/,,,,,0,0,,,,,,0,1,,false
http://localhost:3247/data/refrigerant/r-427a/json/,200,200,,http://localhost:3247/data/refrigerant/r-427a/json/,,,,,0,0,,,,,,0,1,,false
http://localhost:3247/data/refrigerant/r-438a/csv/,200,200,,http://localhost:3247/data/refrigerant/r-438a/csv/,,,,,0,0,,,,,,0,1,,false
http://localhost:3247/data/refrigerant/r-438a/json/,200,200,,http://localhost:3247/data/refrigerant/r-438a/json/,,,,,0,0,,,,,,0,1,,false
http://localhost:3247/data/refrigerant/r-448a/csv/,200,200,,http://localhost:3247/data/refrigerant/r-448a/csv/,,,,,0,0,,,,,,0,1,,false
http://localhost:3247/data/refrigerant/r-448a/json/,200,200,,http://localhost:3247/data/refrigerant/r-448a/json/,,,,,0,0,,,,,,0,1,,false
http://localhost:3247/data/refrigerant/r-449a/csv/,200,200,,http://localhost:3247/data/refrigerant/r-449a/csv/,,,,,0,0,,,,,,0,1,,false
http://localhost:3247/data/refrigerant/r-449a/json/,200,200,,http://localhost:3247/data/refrigerant/r-449a/json/,,,,,0,0,,,,,,0,1,,false
http://localhost:3247/data/refrigerant/r-450a/csv/,200,200,,http://localhost:3247/data/refrigerant/r-450a/csv/,,,,,0,0,,,,,,0,1,,false
http://localhost:3247/data/refrigerant/r-450a/json/,200,200,,http://localhost:3247/data/refrigerant/r-450a/json/,,,,,0,0,,,,,,0,1,,false
http://localhost:3247/data/refrigerant/r-452a/csv/,200,200,,http://localhost:3247/data/refrigerant/r-452a/csv/,,,,,0,0,,,,,,0,1,,false
http://localhost:3247/data/refrigerant/r-452a/json/,200,200,,http://localhost:3247/data/refrigerant/r-452a/json/,,,,,0,0,,,,,,0,1,,false
http://localhost:3247/data/refrigerant/r-452b/csv/,200,200,,http://localhost:3247/data/refrigerant/r-452b/csv/,,,,,0,0,,,,,,0,1,,false
http://localhost:3247/data/refrigerant/r-452b/json/,200,200,,http://localhost:3247/data/refrigerant/r-452b/json/,,,,,0,0,,,,,,0,1,,false
http://localhost:3247/data/refrigerant/r-454b/csv/,200,200,,http://localhost:3247/data/refrigerant/r-454b/csv/,,,,,0,0,,,,,,0,1,,false
http://localhost:3247/data/refrigerant/r-454b/json/,200,200,,http://localhost:3247/data/refrigerant/r-454b/json/,,,,,0,0,,,,,,0,1,,false
http://localhost:3247/data/refrigerant/r-454c/csv/,200,200,,http://localhost:3247/data/refrigerant/r-454c/csv/,,,,,0,0,,,,,,0,1,,false
http://localhost:3247/data/refrigerant/r-454c/json/,200,200,,http://localhost:3247/data/refrigerant/r-454c/json/,,,,,0,0,,,,,,0,1,,false
http://localhost:3247/data/refrigerant/r-455a/csv/,200,200,,http://localhost:3247/data/refrigerant/r-455a/csv/,,,,,0,0,,,,,,0,1,,false
http://localhost:3247/data/refrigerant/r-455a/json/,200,200,,http://localhost:3247/data/refrigerant/r-455a/json/,,,,,0,0,,,,,,0,1,,false
http://localhost:3247/data/refrigerant/r-457a/csv/,200,200,,http://localhost:3247/data/refrigerant/r-457a/csv/,,,,,0,0,,,,,,0,1,,false
http://localhost:3247/data/refrigerant/r-457a/json/,200,200,,http://localhost:3247/data/refrigerant/r-457a/json/,,,,,0,0,,,,,,0,1,,false
http://localhost:3247/data/refrigerant/r-500/csv/,200,200,,http://localhost:3247/data/refrigerant/r-500/csv/,,,,,0,0,,,,,,0,1,,false
http://localhost:3247/data/refrigerant/r-500/json/,200,200,,http://localhost:3247/data/refrigerant/r-500/json/,,,,,0,0,,,,,,0,1,,false
http://localhost:3247/data/refrigerant/r-502/csv/,200,200,,http://localhost:3247/data/refrigerant/r-502/csv/,,,,,0,0,,,,,,0,1,,false
http://localhost:3247/data/refrigerant/r-502/json/,200,200,,http://localhost:3247/data/refrigerant/r-502/json/,,,,,0,0,,,,,,0,1,,false
http://localhost:3247/data/refrigerant/r-503/csv/,200,200,,http://localhost:3247/data/refrigerant/r-503/csv/,,,,,0,0,,,,,,0,1,,false
http://localhost:3247/data/refrigerant/r-503/json/,200,200,,http://localhost:3247/data/refrigerant/r-503/json/,,,,,0,0,,,,,,0,1,,false
http://localhost:3247/data/refrigerant/r-507a/csv/,200,200,,http://localhost:3247/data/refrigerant/r-507a/csv/,,,,,0,0,,,,,,0,1,,false
http://localhost:3247/data/refrigerant/r-507a/json/,200,200,,http://localhost:3247/data/refrigerant/r-507a/json/,,,,,0,0,,,,,,0,1,,false
http://localhost:3247/data/refrigerant/r-513a/csv/,200,200,,http://localhost:3247/data/refrigerant/r-513a/csv/,,,,,0,0,,,,,,0,1,,false
http://localhost:3247/data/refrigerant/r-513a/json/,200,200,,http://localhost:3247/data/refrigerant/r-513a/json/,,,,,0,0,,,,,,0,1,,false
http://localhost:3247/data/refrigerant/r-514a/csv/,200,200,,http://localhost:3247/data/refrigerant/r-514a/csv/,,,,,0,0,,,,,,0,1,,false
http://localhost:3247/data/refrigerant/r-514a/json/,200,200,,http://localhost:3247/data/refrigerant/r-514a/json/,,,,,0,0,,,,,,0,1,,false
http://localhost:3247/data/refrigerant/r-515a/csv/,200,200,,http://localhost:3247/data/refrigerant/r-515a/csv/,,,,,0,0,,,,,,0,1,,false
http://localhost:3247/data/refrigerant/r-515a/json/,200,200,,http://localhost:3247/data/refrigerant/r-515a/json/,,,,,0,0,,,,,,0,1,,false
http://localhost:3247/data/refrigerant/r-515b/csv/,200,200,,http://localhost:3247/data/refrigerant/r-515b/csv/,,,,,0,0,,,,,,0,1,,false
http://localhost:3247/data/refrigerant/r-515b/json/,200,200,,http://localhost:3247/data/refrigerant/r-515b/json/,,,,,0,0,,,,,,0,1,,false
http://localhost:3247/data/refrigerant/r-516a/csv/,200,200,,http://localhost:3247/data/refrigerant/r-516a/csv/,,,,,0,0,,,,,,0,1,,false
http://localhost:3247/data/refrigerant/r-516a/json/,200,200,,http://localhost:3247/data/refrigerant/r-516a/json/,,,,,0,0,,,,,,0,1,,false
http://localhost:3247/data/refrigerant/r-600a/csv/,200,200,,http://localhost:3247/data/refrigerant/r-600a/csv/,,,,,0,0,,,,,,0,1,,false
http://localhost:3247/data/refrigerant/r-600a/json/,200,200,,http://localhost:3247/data/refrigerant/r-600a/json/,,,,,0,0,,,,,,0,1,,false
http://localhost:3247/data/refrigerant/r-717/csv/,200,200,,http://localhost:3247/data/refrigerant/r-717/csv/,,,,,0,0,,,,,,0,1,,false
http://localhost:3247/data/refrigerant/r-717/json/,200,200,,http://localhost:3247/data/refrigerant/r-717/json/,,,,,0,0,,,,,,0,1,,false
http://localhost:3247/data/refrigerant/r-744/csv/,200,200,,http://localhost:3247/data/refrigerant/r-744/csv/,,,,,0,0,,,,,,0,1,,false
http://localhost:3247/data/refrigerant/r-744/json/,200,200,,http://localhost:3247/data/refrigerant/r-744/json/,,,,,0,0,,,,,,0,1,,false
http://localhost:3247/data/refrigerant/r-c318/csv/,200,200,,http://localhost:3247/data/refrigerant/r-c318/csv/,,,,,0,0,,,,,,0,1,,false
http://localhost:3247/data/refrigerant/r-c318/json/,200,200,,http://localhost:3247/data/refrigerant/r-c318/json/,,,,,0,0,,,,,,0,1,,false
http://localhost:3247/duct-size-calculator/,200,200,,http://localhost:3247/duct-size-calculator/,https://hvacptcharts.com/duct-size-calculator/,"index, follow","index, follow, max-video-preview:-1, max-image-preview:large, max-snippet:-1",,61,155,1,"September 27, 2026",true,Organization|ImageObject|WebSite|SearchAction|EntryPoint|Article|WebApplication|Offer|FAQPage|Question|Answer|BreadcrumbList|ListItem,2026-09-27,20,3,4420,true
http://localhost:3247/guides-hub/,200,200,,http://localhost:3247/guides-hub/,https://hvacptcharts.com/guides-hub/,"index, follow","index, follow, max-video-preview:-1, max-image-preview:large, max-snippet:-1",,58,154,1,"September 27, 2026",true,Organization|ImageObject|WebSite|SearchAction|EntryPoint|CollectionPage|ItemList|ListItem|BreadcrumbList,2026-09-27,53,132,2511,true
http://localhost:3247/high-head-pressure-causes/,200,200,,http://localhost:3247/high-head-pressure-causes/,https://hvacptcharts.com/high-head-pressure-causes/,"index, follow","index, follow, max-video-preview:-1, max-image-preview:large, max-snippet:-1",,55,160,1,"September 25, 2026",true,Organization|ImageObject|WebSite|SearchAction|EntryPoint|TechArticle|HowTo|HowToTool|HowToStep|FAQPage|Question|Answer|BreadcrumbList|ListItem,2026-09-25,21,24,2754,true
http://localhost:3247/high-suction-low-head-pressure/,200,200,,http://localhost:3247/high-suction-low-head-pressure/,https://hvacptcharts.com/high-suction-low-head-pressure/,"index, follow","index, follow, max-video-preview:-1, max-image-preview:large, max-snippet:-1",,58,152,1,"September 27, 2026",true,Organization|ImageObject|WebSite|SearchAction|EntryPoint|TechArticle|CreativeWork|FAQPage|Question|Answer|BreadcrumbList|ListItem,2026-09-27,20,6,2376,true
http://localhost:3247/hvac-ductless-mini-split-guide/,200,200,,http://localhost:3247/hvac-ductless-mini-split-guide/,https://hvacptcharts.com/hvac-ductless-mini-split-guide/,"index, follow","noindex, follow",,60,163,1,"September 26, 2026",true,Organization|ImageObject|WebSite|SearchAction|EntryPoint|TechArticle|Thing|FAQPage|Question|Answer|BreadcrumbList|ListItem,2026-09-26,18,1,5364,true
http://localhost:3247/hvac-load-calculator/,200,200,,http://localhost:3247/hvac-load-calculator/,https://hvacptcharts.com/hvac-load-calculator/,"index, follow","index, follow, max-video-preview:-1, max-image-preview:large, max-snippet:-1",,60,153,1,"September 27, 2026",true,Organization|ImageObject|WebSite|SearchAction|EntryPoint|Article|WebApplication|Offer|FAQPage|Question|Answer|BreadcrumbList|ListItem,2026-09-27,21,3,4778,true
http://localhost:3247/hvac-refrigerant-recovery-guide/,200,200,,http://localhost:3247/hvac-refrigerant-recovery-guide/,https://hvacptcharts.com/hvac-refrigerant-recovery-guide/,"index, follow","noindex, follow",,65,147,1,"September 27, 2026",true,Organization|ImageObject|WebSite|SearchAction|EntryPoint|TechArticle|Thing|HowTo|HowToTool|HowToStep|FAQPage|Question|Answer|BreadcrumbList|ListItem,2026-09-27,21,2,5910,true
http://localhost:3247/hvac-troubleshooting-guide/,200,200,,http://localhost:3247/hvac-troubleshooting-guide/,https://hvacptcharts.com/hvac-troubleshooting-guide/,"index, follow","noindex, follow",,62,154,1,"September 26, 2026",true,Organization|ImageObject|WebSite|SearchAction|EntryPoint|TechArticle|Thing|HowTo|HowToTool|HowToStep|FAQPage|Question|Answer|BreadcrumbList|ListItem,2026-09-26,22,3,4233,true
http://localhost:3247/low-suction-pressure/,200,200,,http://localhost:3247/low-suction-pressure/,https://hvacptcharts.com/low-suction-pressure/,"index, follow","index, follow, max-video-preview:-1, max-image-preview:large, max-snippet:-1",,54,149,1,"July 18, 2026",true,Organization|ImageObject|WebSite|SearchAction|EntryPoint|TechArticle|CreativeWork|FAQPage|Question|Answer|BreadcrumbList|ListItem,2026-07-18,21,17,2274,true
http://localhost:3247/overcharged-ac-symptoms/,200,200,,http://localhost:3247/overcharged-ac-symptoms/,https://hvacptcharts.com/overcharged-ac-symptoms/,"index, follow","index, follow, max-video-preview:-1, max-image-preview:large, max-snippet:-1",,56,147,1,"September 25, 2026",true,Organization|ImageObject|WebSite|SearchAction|EntryPoint|TechArticle|CreativeWork|FAQPage|Question|Answer|BreadcrumbList|ListItem,2026-09-25,19,5,2205,true
http://localhost:3247/privacy-policy/,200,200,,http://localhost:3247/privacy-policy/,https://hvacptcharts.com/privacy-policy/,"index, follow","index, follow, max-video-preview:-1, max-image-preview:large, max-snippet:-1",,14,116,1,,true,Organization|ImageObject|WebSite|SearchAction|EntryPoint|WebPage|BreadcrumbList|ListItem,,16,132,952,true
http://localhost:3247/psychrometric-calculator/,200,200,,http://localhost:3247/psychrometric-calculator/,https://hvacptcharts.com/psychrometric-calculator/,"index, follow","index, follow, max-video-preview:-1, max-image-preview:large, max-snippet:-1",,72,145,1,"September 27, 2026",true,Organization|ImageObject|WebSite|SearchAction|EntryPoint|Article|WebApplication|Offer|FAQPage|Question|Answer|BreadcrumbList|ListItem,2026-09-27,19,3,4534,true
http://localhost:3247/pt-calculator/,200,200,,http://localhost:3247/pt-calculator/,https://hvacptcharts.com/pt-calculator/,"index, follow","index, follow, max-video-preview:-1, max-image-preview:large, max-snippet:-1",,72,150,1,"September 28, 2026",true,Organization|ImageObject|WebSite|SearchAction|EntryPoint|Article|WebApplication|Offer|FAQPage|Question|Answer|BreadcrumbList|ListItem,2026-09-28,19,132,4308,true
http://localhost:3247/pt-chart-guide/,200,200,,http://localhost:3247/pt-chart-guide/,https://hvacptcharts.com/pt-chart-guide/,"index, follow","index, follow, max-video-preview:-1, max-image-preview:large, max-snippet:-1",,64,145,1,"September 26, 2026",true,Organization|ImageObject|WebSite|SearchAction|EntryPoint|TechArticle|FAQPage|Question|Answer|BreadcrumbList|ListItem,2026-09-26,27,132,2011,true
http://localhost:3247/pt-charts-tools-hub/,200,200,,http://localhost:3247/pt-charts-tools-hub/,https://hvacptcharts.com/pt-charts-tools-hub/,"index, follow","index, follow, max-video-preview:-1, max-image-preview:large, max-snippet:-1",,57,153,1,"September 27, 2026",true,Organization|ImageObject|WebSite|SearchAction|EntryPoint|CollectionPage|ItemList|ListItem|BreadcrumbList,2026-09-27,100,132,2814,true
http://localhost:3247/pt-superheat-subcooling-calculator/,200,200,,http://localhost:3247/pt-superheat-subcooling-calculator/,https://hvacptcharts.com/pt-superheat-subcooling-calculator/,"index, follow","index, follow, max-video-preview:-1, max-image-preview:large, max-snippet:-1",,68,143,1,"September 28, 2026",true,Organization|ImageObject|WebSite|SearchAction|EntryPoint|Article|WebApplication|Offer|FAQPage|Question|Answer|BreadcrumbList|ListItem,2026-09-28,18,22,3748,true
http://localhost:3247/r-12-vs-r-134a/,200,200,,http://localhost:3247/r-12-vs-r-134a/,https://hvacptcharts.com/r-12-vs-r-134a/,"index, follow","index, follow, max-video-preview:-1, max-image-preview:large, max-snippet:-1",,65,148,1,"September 27, 2026",true,Organization|ImageObject|WebSite|SearchAction|EntryPoint|TechArticle|CreativeWork|FAQPage|Question|Answer|BreadcrumbList|ListItem,2026-09-27,22,6,2839,true
http://localhost:3247/r-1234yf-vs-r-134a/,200,200,,http://localhost:3247/r-1234yf-vs-r-134a/,https://hvacptcharts.com/r-1234yf-vs-r-134a/,"index, follow","index, follow, max-video-preview:-1, max-image-preview:large, max-snippet:-1",,64,160,1,"September 27, 2026",true,Organization|ImageObject|WebSite|SearchAction|EntryPoint|TechArticle|CreativeWork|FAQPage|Question|Answer|BreadcrumbList|ListItem,2026-09-27,23,4,2581,true
http://localhost:3247/r-134a-vs-r-1234ze/,200,200,,http://localhost:3247/r-134a-vs-r-1234ze/,https://hvacptcharts.com/r-134a-vs-r-1234ze/,"index, follow","index, follow, max-video-preview:-1, max-image-preview:large, max-snippet:-1",,49,154,1,"September 27, 2026",true,Organization|ImageObject|WebSite|SearchAction|EntryPoint|TechArticle|CreativeWork|FAQPage|Question|Answer|BreadcrumbList|ListItem,2026-09-27,22,5,2532,true
http://localhost:3247/r-134a-vs-r-513a/,200,200,,http://localhost:3247/r-134a-vs-r-513a/,https://hvacptcharts.com/r-134a-vs-r-513a/,"index, follow","index, follow, max-video-preview:-1, max-image-preview:large, max-snippet:-1",,62,152,1,"September 27, 2026",true,Organization|ImageObject|WebSite|SearchAction|EntryPoint|TechArticle|CreativeWork|FAQPage|Question|Answer|BreadcrumbList|ListItem,2026-09-27,22,5,2333,true
http://localhost:3247/r-22-vs-r-32/,200,200,,http://localhost:3247/r-22-vs-r-32/,https://hvacptcharts.com/r-22-vs-r-32/,"index, follow","index, follow, max-video-preview:-1, max-image-preview:large, max-snippet:-1",,58,163,1,"September 27, 2026",true,Organization|ImageObject|WebSite|SearchAction|EntryPoint|TechArticle|CreativeWork|FAQPage|Question|Answer|BreadcrumbList|ListItem,2026-09-27,23,5,2395,true
http://localhost:3247/r-22-vs-r-407c/,200,200,,http://localhost:3247/r-22-vs-r-407c/,https://hvacptcharts.com/r-22-vs-r-407c/,"index, follow","index, follow, max-video-preview:-1, max-image-preview:large, max-snippet:-1",,60,159,1,"September 27, 2026",true,Organization|ImageObject|WebSite|SearchAction|EntryPoint|TechArticle|CreativeWork|FAQPage|Question|Answer|BreadcrumbList|ListItem,2026-09-27,24,5,2463,true
http://localhost:3247/r-22-vs-r-410a/,200,200,,http://localhost:3247/r-22-vs-r-410a/,https://hvacptcharts.com/r-22-vs-r-410a/,"index, follow","index, follow, max-video-preview:-1, max-image-preview:large, max-snippet:-1",,60,165,1,"September 27, 2026",true,Organization|ImageObject|WebSite|SearchAction|EntryPoint|TechArticle|CreativeWork|FAQPage|Question|Answer|BreadcrumbList|ListItem,2026-09-27,23,8,2304,true
http://localhost:3247/r-22-vs-r-438a/,200,200,,http://localhost:3247/r-22-vs-r-438a/,https://hvacptcharts.com/r-22-vs-r-438a/,"index, follow","index, follow, max-video-preview:-1, max-image-preview:large, max-snippet:-1",,61,156,1,"September 27, 2026",true,Organization|ImageObject|WebSite|SearchAction|EntryPoint|TechArticle|CreativeWork|FAQPage|Question|Answer|BreadcrumbList|ListItem,2026-09-27,22,5,2951,true
http://localhost:3247/r-22-vs-r-454b/,200,200,,http://localhost:3247/r-22-vs-r-454b/,https://hvacptcharts.com/r-22-vs-r-454b/,"index, follow","index, follow, max-video-preview:-1, max-image-preview:large, max-snippet:-1",,60,156,1,"September 27, 2026",true,Organization|ImageObject|WebSite|SearchAction|EntryPoint|TechArticle|CreativeWork|FAQPage|Question|Answer|BreadcrumbList|ListItem,2026-09-27,23,4,2309,true
http://localhost:3247/r-290-vs-r-600a/,200,200,,http://localhost:3247/r-290-vs-r-600a/,https://hvacptcharts.com/r-290-vs-r-600a/,"index, follow","index, follow, max-video-preview:-1, max-image-preview:large, max-snippet:-1",,60,155,1,"September 27, 2026",true,Organization|ImageObject|WebSite|SearchAction|EntryPoint|TechArticle|CreativeWork|FAQPage|Question|Answer|BreadcrumbList|ListItem,2026-09-27,21,4,2147,true
http://localhost:3247/r-32-vs-r-410a/,200,200,,http://localhost:3247/r-32-vs-r-410a/,https://hvacptcharts.com/r-32-vs-r-410a/,"index, follow","index, follow, max-video-preview:-1, max-image-preview:large, max-snippet:-1",,60,162,1,"September 27, 2026",true,Organization|ImageObject|WebSite|SearchAction|EntryPoint|TechArticle|CreativeWork|FAQPage|Question|Answer|BreadcrumbList|ListItem,2026-09-27,23,132,2277,true
http://localhost:3247/r-32-vs-r-454b/,200,200,,http://localhost:3247/r-32-vs-r-454b/,https://hvacptcharts.com/r-32-vs-r-454b/,"index, follow","index, follow, max-video-preview:-1, max-image-preview:large, max-snippet:-1",,60,157,1,"September 27, 2026",true,Organization|ImageObject|WebSite|SearchAction|EntryPoint|TechArticle|CreativeWork|FAQPage|Question|Answer|BreadcrumbList|ListItem,2026-09-27,23,6,2332,true
http://localhost:3247/r-404a-vs-r-448a/,200,200,,http://localhost:3247/r-404a-vs-r-448a/,https://hvacptcharts.com/r-404a-vs-r-448a/,"index, follow","index, follow, max-video-preview:-1, max-image-preview:large, max-snippet:-1",,46,161,1,"September 27, 2026",true,Organization|ImageObject|WebSite|SearchAction|EntryPoint|TechArticle|CreativeWork|FAQPage|Question|Answer|BreadcrumbList|ListItem,2026-09-27,22,5,2759,true
http://localhost:3247/r-404a-vs-r-449a/,200,200,,http://localhost:3247/r-404a-vs-r-449a/,https://hvacptcharts.com/r-404a-vs-r-449a/,"index, follow","index, follow, max-video-preview:-1, max-image-preview:large, max-snippet:-1",,62,157,1,"September 27, 2026",true,Organization|ImageObject|WebSite|SearchAction|EntryPoint|TechArticle|CreativeWork|FAQPage|Question|Answer|BreadcrumbList|ListItem,2026-09-27,24,5,2557,true
http://localhost:3247/r-404a-vs-r-452a/,200,200,,http://localhost:3247/r-404a-vs-r-452a/,https://hvacptcharts.com/r-404a-vs-r-452a/,"index, follow","index, follow, max-video-preview:-1, max-image-preview:large, max-snippet:-1",,48,150,1,"September 27, 2026",true,Organization|ImageObject|WebSite|SearchAction|EntryPoint|TechArticle|CreativeWork|FAQPage|Question|Answer|BreadcrumbList|ListItem,2026-09-27,22,5,2578,true
http://localhost:3247/r-407c-vs-r-410a/,200,200,,http://localhost:3247/r-407c-vs-r-410a/,https://hvacptcharts.com/r-407c-vs-r-410a/,"index, follow","index, follow, max-video-preview:-1, max-image-preview:large, max-snippet:-1",,62,162,1,"September 28, 2026",true,Organization|ImageObject|WebSite|SearchAction|EntryPoint|TechArticle|CreativeWork|FAQPage|Question|Answer|BreadcrumbList|ListItem,2026-09-28,23,4,2205,true
http://localhost:3247/r-410a-vs-r-454b/,200,200,,http://localhost:3247/r-410a-vs-r-454b/,https://hvacptcharts.com/r-410a-vs-r-454b/,"index, follow","index, follow, max-video-preview:-1, max-image-preview:large, max-snippet:-1",,62,155,1,"September 27, 2026",true,Organization|ImageObject|WebSite|SearchAction|EntryPoint|TechArticle|CreativeWork|FAQPage|Question|Answer|BreadcrumbList|ListItem,2026-09-27,23,7,2219,true
http://localhost:3247/r-448a-vs-r-449a/,200,200,,http://localhost:3247/r-448a-vs-r-449a/,https://hvacptcharts.com/r-448a-vs-r-449a/,"index, follow","index, follow, max-video-preview:-1, max-image-preview:large, max-snippet:-1",,48,151,1,"September 27, 2026",true,Organization|ImageObject|WebSite|SearchAction|EntryPoint|TechArticle|CreativeWork|FAQPage|Question|Answer|BreadcrumbList|ListItem,2026-09-27,22,5,2524,true
http://localhost:3247/r-454b-vs-r-454c/,200,200,,http://localhost:3247/r-454b-vs-r-454c/,https://hvacptcharts.com/r-454b-vs-r-454c/,"index, follow","index, follow, max-video-preview:-1, max-image-preview:large, max-snippet:-1",,56,143,1,"September 27, 2026",true,Organization|ImageObject|WebSite|SearchAction|EntryPoint|TechArticle|CreativeWork|FAQPage|Question|Answer|BreadcrumbList|ListItem,2026-09-27,23,6,2257,true
http://localhost:3247/r-454c-vs-r-455a/,200,200,,http://localhost:3247/r-454c-vs-r-455a/,https://hvacptcharts.com/r-454c-vs-r-455a/,"index, follow","index, follow, max-video-preview:-1, max-image-preview:large, max-snippet:-1",,62,149,1,"September 27, 2026",true,Organization|ImageObject|WebSite|SearchAction|EntryPoint|TechArticle|CreativeWork|FAQPage|Question|Answer|BreadcrumbList|ListItem,2026-09-27,22,4,2309,true
http://localhost:3247/r-744-vs-r-290/,200,200,,http://localhost:3247/r-744-vs-r-290/,https://hvacptcharts.com/r-744-vs-r-290/,"index, follow","index, follow, max-video-preview:-1, max-image-preview:large, max-snippet:-1",,60,160,1,"September 27, 2026",true,Organization|ImageObject|WebSite|SearchAction|EntryPoint|TechArticle|CreativeWork|FAQPage|Question|Answer|BreadcrumbList|ListItem,2026-09-27,22,4,2414,true
http://localhost:3247/r22-superheat-chart/,200,200,,http://localhost:3247/r22-superheat-chart/,https://hvacptcharts.com/r22-superheat-chart/,"index, follow","index, follow, max-video-preview:-1, max-image-preview:large, max-snippet:-1",,58,148,1,"September 25, 2026",true,Organization|ImageObject|WebSite|SearchAction|EntryPoint|TechArticle|CreativeWork|FAQPage|Question|Answer|BreadcrumbList|ListItem,2026-09-25,20,6,1486,true
http://localhost:3247/r410a-charging-chart/,200,200,,http://localhost:3247/r410a-charging-chart/,https://hvacptcharts.com/r410a-charging-chart/,"index, follow","index, follow, max-video-preview:-1, max-image-preview:large, max-snippet:-1",,59,152,1,"September 27, 2026",true,Organization|ImageObject|WebSite|SearchAction|EntryPoint|TechArticle|CreativeWork|FAQPage|Question|Answer|BreadcrumbList|ListItem,2026-09-27,20,9,1653,true
http://localhost:3247/r410a-superheat-chart/,200,200,,http://localhost:3247/r410a-superheat-chart/,https://hvacptcharts.com/r410a-superheat-chart/,"index, follow","index, follow, max-video-preview:-1, max-image-preview:large, max-snippet:-1",,60,145,1,"September 25, 2026",true,Organization|ImageObject|WebSite|SearchAction|EntryPoint|TechArticle|CreativeWork|FAQPage|Question|Answer|BreadcrumbList|ListItem,2026-09-25,20,9,1584,true
http://localhost:3247/refrigerant-charge-calculator/,200,200,,http://localhost:3247/refrigerant-charge-calculator/,https://hvacptcharts.com/refrigerant-charge-calculator/,"index, follow","index, follow, max-video-preview:-1, max-image-preview:large, max-snippet:-1",,67,148,1,"September 27, 2026",true,Organization|ImageObject|WebSite|SearchAction|EntryPoint|Article|WebApplication|Offer|FAQPage|Question|Answer|BreadcrumbList|ListItem,2026-09-27,22,12,3167,true
http://localhost:3247/refrigerant-comparison-guide/,200,200,,http://localhost:3247/refrigerant-comparison-guide/,https://hvacptcharts.com/refrigerant-comparison-guide/,"index, follow","index, follow, max-video-preview:-1, max-image-preview:large, max-snippet:-1",,55,154,1,"September 27, 2026",true,Organization|ImageObject|WebSite|SearchAction|EntryPoint|TechArticle|FAQPage|Question|Answer|BreadcrumbList|ListItem,2026-09-27,42,87,3293,true
http://localhost:3247/refrigerant-gwp-rankings/,200,200,,http://localhost:3247/refrigerant-gwp-rankings/,https://hvacptcharts.com/refrigerant-gwp-rankings/,"index, follow","index, follow, max-video-preview:-1, max-image-preview:large, max-snippet:-1",,55,140,1,"September 27, 2026",true,Organization|ImageObject|WebSite|SearchAction|EntryPoint|Article|Dataset|PropertyValue|BreadcrumbList|ListItem,2026-09-27,76,132,1604,true
http://localhost:3247/refrigerant-prices-guide/,200,200,,http://localhost:3247/refrigerant-prices-guide/,https://hvacptcharts.com/refrigerant-prices-guide/,"index, follow","index, follow, max-video-preview:-1, max-image-preview:large, max-snippet:-1",,64,163,1,"September 27, 2026",true,Organization|ImageObject|WebSite|SearchAction|EntryPoint|TechArticle|Thing|FAQPage|Question|Answer|BreadcrumbList|ListItem,2026-09-27,20,2,5774,true
http://localhost:3247/refrigerant-pt-comparison-tool/,200,200,,http://localhost:3247/refrigerant-pt-comparison-tool/,https://hvacptcharts.com/refrigerant-pt-comparison-tool/,"index, follow","index, follow, max-video-preview:-1, max-image-preview:large, max-snippet:-1",,57,158,1,"September 27, 2026",true,Organization|ImageObject|WebSite|SearchAction|EntryPoint|Article|WebApplication|Offer|FAQPage|Question|Answer|BreadcrumbList|ListItem,2026-09-27,20,29,3100,true
http://localhost:3247/refrigerant-retrofit-compatibility-calculator/,200,200,,http://localhost:3247/refrigerant-retrofit-compatibility-calculator/,https://hvacptcharts.com/refrigerant-retrofit-compatibility-calculator/,"index, follow","index, follow, max-video-preview:-1, max-image-preview:large, max-snippet:-1",,62,152,1,"September 27, 2026",true,Organization|ImageObject|WebSite|SearchAction|EntryPoint|Article|WebApplication|Offer|FAQPage|Question|Answer|BreadcrumbList|ListItem,2026-09-27,21,87,3578,true
http://localhost:3247/refrigerant-safety-classifications/,200,200,,http://localhost:3247/refrigerant-safety-classifications/,https://hvacptcharts.com/refrigerant-safety-classifications/,"index, follow","index, follow, max-video-preview:-1, max-image-preview:large, max-snippet:-1",,65,148,1,"September 27, 2026",true,Organization|ImageObject|WebSite|SearchAction|EntryPoint|Article|Dataset|PropertyValue|BreadcrumbList|ListItem,2026-09-27,76,132,1970,true
http://localhost:3247/refrigerant/r-11/,200,200,,http://localhost:3247/refrigerant/r-11/,https://hvacptcharts.com/refrigerant/r-11/,"index, follow","index, follow, max-video-preview:-1, max-image-preview:large, max-snippet:-1",,53,144,1,"September 27, 2026",true,Organization|ImageObject|WebSite|SearchAction|EntryPoint|Article|CreativeWork|DefinedTerm|DefinedTermSet|Dataset|PropertyValue|DataDownload|Place|FAQPage|Question|Answer|BreadcrumbList|ListItem,2026-09-27,23,6,1322,true
http://localhost:3247/refrigerant/r-1150/,200,200,,http://localhost:3247/refrigerant/r-1150/,https://hvacptcharts.com/refrigerant/r-1150/,"noindex, follow",,,55,151,1,"September 27, 2026",true,Organization|ImageObject|WebSite|SearchAction|EntryPoint|Article|CreativeWork|DefinedTerm|DefinedTermSet|Dataset|PropertyValue|DataDownload|Place|FAQPage|Question|Answer|BreadcrumbList|ListItem,2026-09-27,21,5,1416,false
http://localhost:3247/refrigerant/r-12/,200,200,,http://localhost:3247/refrigerant/r-12/,https://hvacptcharts.com/refrigerant/r-12/,"index, follow","index, follow, max-video-preview:-1, max-image-preview:large, max-snippet:-1",,53,144,1,"September 27, 2026",true,Organization|ImageObject|WebSite|SearchAction|EntryPoint|Article|CreativeWork|DefinedTerm|DefinedTermSet|Dataset|PropertyValue|DataDownload|Place|FAQPage|Question|Answer|BreadcrumbList|ListItem,2026-09-27,24,7,2352,true
http://localhost:3247/refrigerant/r-1224yd-z/,200,200,,http://localhost:3247/refrigerant/r-1224yd-z/,https://hvacptcharts.com/refrigerant/r-1224yd-z/,"index, follow","index, follow, max-video-preview:-1, max-image-preview:large, max-snippet:-1",,60,150,1,"September 27, 2026",true,Organization|ImageObject|WebSite|SearchAction|EntryPoint|Article|CreativeWork|DefinedTerm|DefinedTermSet|Dataset|PropertyValue|DataDownload|Place|FAQPage|Question|Answer|BreadcrumbList|ListItem,2026-09-27,21,5,1530,true
http://localhost:3247/refrigerant/r-123/,200,200,,http://localhost:3247/refrigerant/r-123/,https://hvacptcharts.com/refrigerant/r-123/,"index, follow","index, follow, max-video-preview:-1, max-image-preview:large, max-snippet:-1",,54,145,1,"September 28, 2026",true,Organization|ImageObject|WebSite|SearchAction|EntryPoint|Article|CreativeWork|DefinedTerm|DefinedTermSet|Dataset|PropertyValue|DataDownload|Place|FAQPage|Question|Answer|BreadcrumbList|ListItem,2026-09-28,24,10,2162,true
http://localhost:3247/refrigerant/r-1233zd-e/,200,200,,http://localhost:3247/refrigerant/r-1233zd-e/,https://hvacptcharts.com/refrigerant/r-1233zd-e/,"index, follow","index, follow, max-video-preview:-1, max-image-preview:large, max-snippet:-1",,60,150,1,"September 28, 2026",true,Organization|ImageObject|WebSite|SearchAction|EntryPoint|Article|CreativeWork|DefinedTerm|DefinedTermSet|Dataset|PropertyValue|DataDownload|Place|FAQPage|Question|Answer|BreadcrumbList|ListItem,2026-09-28,22,8,2118,true
http://localhost:3247/refrigerant/r-1234yf/,200,200,,http://localhost:3247/refrigerant/r-1234yf/,https://hvacptcharts.com/refrigerant/r-1234yf/,"index, follow","index, follow, max-video-preview:-1, max-image-preview:large, max-snippet:-1",,57,148,1,"September 27, 2026",true,Organization|ImageObject|WebSite|SearchAction|EntryPoint|Article|CreativeWork|DefinedTerm|DefinedTermSet|Dataset|PropertyValue|DataDownload|Place|FAQPage|Question|Answer|BreadcrumbList|ListItem,2026-09-27,23,12,2597,true
http://localhost:3247/refrigerant/r-1234ze-e/,200,200,,http://localhost:3247/refrigerant/r-1234ze-e/,https://hvacptcharts.com/refrigerant/r-1234ze-e/,"index, follow","index, follow, max-video-preview:-1, max-image-preview:large, max-snippet:-1",,60,151,1,"September 28, 2026",true,Organization|ImageObject|WebSite|SearchAction|EntryPoint|Article|CreativeWork|DefinedTerm|DefinedTermSet|Dataset|PropertyValue|DataDownload|Place|FAQPage|Question|Answer|BreadcrumbList|ListItem,2026-09-28,21,4,1632,true
http://localhost:3247/refrigerant/r-1234ze-z/,200,200,,http://localhost:3247/refrigerant/r-1234ze-z/,https://hvacptcharts.com/refrigerant/r-1234ze-z/,"index, follow","index, follow, max-video-preview:-1, max-image-preview:large, max-snippet:-1",,60,149,1,"September 27, 2026",true,Organization|ImageObject|WebSite|SearchAction|EntryPoint|Article|CreativeWork|DefinedTerm|DefinedTermSet|Dataset|PropertyValue|DataDownload|Place|FAQPage|Question|Answer|BreadcrumbList|ListItem,2026-09-27,20,4,1554,true
http://localhost:3247/refrigerant/r-1234ze/,200,200,,http://localhost:3247/refrigerant/r-1234ze/,https://hvacptcharts.com/refrigerant/r-1234ze/,"index, follow","index, follow, max-video-preview:-1, max-image-preview:large, max-snippet:-1",,57,148,1,"September 27, 2026",true,Organization|ImageObject|WebSite|SearchAction|EntryPoint|Article|CreativeWork|DefinedTerm|DefinedTermSet|Dataset|PropertyValue|DataDownload|Place|FAQPage|Question|Answer|BreadcrumbList|ListItem,2026-09-27,22,6,2232,true
http://localhost:3247/refrigerant/r-124/,200,200,,http://localhost:3247/refrigerant/r-124/,https://hvacptcharts.com/refrigerant/r-124/,"index, follow","index, follow, max-video-preview:-1, max-image-preview:large, max-snippet:-1",,54,145,1,"September 27, 2026",true,Organization|ImageObject|WebSite|SearchAction|EntryPoint|Article|CreativeWork|DefinedTerm|DefinedTermSet|Dataset|PropertyValue|DataDownload|Place|FAQPage|Question|Answer|BreadcrumbList|ListItem,2026-09-27,22,4,1321,true
http://localhost:3247/refrigerant/r-125/,200,200,,http://localhost:3247/refrigerant/r-125/,https://hvacptcharts.com/refrigerant/r-125/,"index, follow","index, follow, max-video-preview:-1, max-image-preview:large, max-snippet:-1",,54,146,1,"September 28, 2026",true,Organization|ImageObject|WebSite|SearchAction|EntryPoint|Article|CreativeWork|DefinedTerm|DefinedTermSet|Dataset|PropertyValue|DataDownload|Place|FAQPage|Question|Answer|BreadcrumbList|ListItem,2026-09-28,20,4,1933,true
http://localhost:3247/refrigerant/r-1270/,200,200,,http://localhost:3247/refrigerant/r-1270/,https://hvacptcharts.com/refrigerant/r-1270/,"index, follow","index, follow, max-video-preview:-1, max-image-preview:large, max-snippet:-1",,55,147,1,"September 27, 2026",true,Organization|ImageObject|WebSite|SearchAction|EntryPoint|Article|CreativeWork|DefinedTerm|DefinedTermSet|Dataset|PropertyValue|DataDownload|Place|FAQPage|Question|Answer|BreadcrumbList|ListItem,2026-09-27,22,5,1486,true
http://localhost:3247/refrigerant/r-13/,200,200,,http://localhost:3247/refrigerant/r-13/,https://hvacptcharts.com/refrigerant/r-13/,"index, follow","index, follow, max-video-preview:-1, max-image-preview:large, max-snippet:-1",,53,144,1,"September 27, 2026",true,Organization|ImageObject|WebSite|SearchAction|EntryPoint|Article|CreativeWork|DefinedTerm|DefinedTermSet|Dataset|PropertyValue|DataDownload|Place|FAQPage|Question|Answer|BreadcrumbList|ListItem,2026-09-27,22,5,1604,true
http://localhost:3247/refrigerant/r-1336mzz-z/,200,200,,http://localhost:3247/refrigerant/r-1336mzz-z/,https://hvacptcharts.com/refrigerant/r-1336mzz-z/,"index, follow","index, follow, max-video-preview:-1, max-image-preview:large, max-snippet:-1",,61,152,1,"September 27, 2026",true,Organization|ImageObject|WebSite|SearchAction|EntryPoint|Article|CreativeWork|DefinedTerm|DefinedTermSet|Dataset|PropertyValue|DataDownload|Place|FAQPage|Question|Answer|BreadcrumbList|ListItem,2026-09-27,22,5,1946,true
http://localhost:3247/refrigerant/r-134a/,200,200,,http://localhost:3247/refrigerant/r-134a/,https://hvacptcharts.com/refrigerant/r-134a/,"index, follow","index, follow, max-video-preview:-1, max-image-preview:large, max-snippet:-1",,55,146,1,"September 27, 2026",true,Organization|ImageObject|WebSite|SearchAction|EntryPoint|Article|CreativeWork|DefinedTerm|DefinedTermSet|Dataset|PropertyValue|DataDownload|Place|FAQPage|Question|Answer|BreadcrumbList|ListItem,2026-09-27,30,24,3749,true
http://localhost:3247/refrigerant/r-143a/,200,200,,http://localhost:3247/refrigerant/r-143a/,https://hvacptcharts.com/refrigerant/r-143a/,"index, follow","index, follow, max-video-preview:-1, max-image-preview:large, max-snippet:-1",,55,147,1,"September 28, 2026",true,Organization|ImageObject|WebSite|SearchAction|EntryPoint|Article|CreativeWork|DefinedTerm|DefinedTermSet|Dataset|PropertyValue|DataDownload|Place|FAQPage|Question|Answer|BreadcrumbList|ListItem,2026-09-28,20,4,1921,true
http://localhost:3247/refrigerant/r-152a/,200,200,,http://localhost:3247/refrigerant/r-152a/,https://hvacptcharts.com/refrigerant/r-152a/,"index, follow","index, follow, max-video-preview:-1, max-image-preview:large, max-snippet:-1",,55,146,1,"September 28, 2026",true,Organization|ImageObject|WebSite|SearchAction|EntryPoint|Article|CreativeWork|DefinedTerm|DefinedTermSet|Dataset|PropertyValue|DataDownload|Place|FAQPage|Question|Answer|BreadcrumbList|ListItem,2026-09-28,20,5,1825,true
http://localhost:3247/refrigerant/r-218/,200,200,,http://localhost:3247/refrigerant/r-218/,https://hvacptcharts.com/refrigerant/r-218/,"index, follow","index, follow, max-video-preview:-1, max-image-preview:large, max-snippet:-1",,54,145,1,"September 27, 2026",true,Organization|ImageObject|WebSite|SearchAction|EntryPoint|Article|CreativeWork|DefinedTerm|DefinedTermSet|Dataset|PropertyValue|DataDownload|Place|FAQPage|Question|Answer|BreadcrumbList|ListItem,2026-09-27,20,4,1522,true
http://localhost:3247/refrigerant/r-22/,200,200,,http://localhost:3247/refrigerant/r-22/,https://hvacptcharts.com/refrigerant/r-22/,"index, follow","index, follow, max-video-preview:-1, max-image-preview:large, max-snippet:-1",,53,143,1,"September 28, 2026",true,Organization|ImageObject|WebSite|SearchAction|EntryPoint|Article|CreativeWork|DefinedTerm|DefinedTermSet|Dataset|PropertyValue|DataDownload|Place|FAQPage|Question|Answer|BreadcrumbList|ListItem,2026-09-28,32,35,3690,true
http://localhost:3247/refrigerant/r-236ea/,200,200,,http://localhost:3247/refrigerant/r-236ea/,https://hvacptcharts.com/refrigerant/r-236ea/,"index, follow","index, follow, max-video-preview:-1, max-image-preview:large, max-snippet:-1",,56,147,1,"September 27, 2026",true,Organization|ImageObject|WebSite|SearchAction|EntryPoint|Article|CreativeWork|DefinedTerm|DefinedTermSet|Dataset|PropertyValue|DataDownload|Place|FAQPage|Question|Answer|BreadcrumbList|ListItem,2026-09-27,20,4,1433,true
http://localhost:3247/refrigerant/r-236fa/,200,200,,http://localhost:3247/refrigerant/r-236fa/,https://hvacptcharts.com/refrigerant/r-236fa/,"index, follow","index, follow, max-video-preview:-1, max-image-preview:large, max-snippet:-1",,56,147,1,"September 27, 2026",true,Organization|ImageObject|WebSite|SearchAction|EntryPoint|Article|CreativeWork|DefinedTerm|DefinedTermSet|Dataset|PropertyValue|DataDownload|Place|FAQPage|Question|Answer|BreadcrumbList|ListItem,2026-09-27,20,4,1493,true
http://localhost:3247/refrigerant/r-245fa/,200,200,,http://localhost:3247/refrigerant/r-245fa/,https://hvacptcharts.com/refrigerant/r-245fa/,"index, follow","index, follow, max-video-preview:-1, max-image-preview:large, max-snippet:-1",,56,146,1,"September 27, 2026",true,Organization|ImageObject|WebSite|SearchAction|EntryPoint|Article|CreativeWork|DefinedTerm|DefinedTermSet|Dataset|PropertyValue|DataDownload|Place|FAQPage|Question|Answer|BreadcrumbList|ListItem,2026-09-27,22,5,1626,true
http://localhost:3247/refrigerant/r-290/,200,200,,http://localhost:3247/refrigerant/r-290/,https://hvacptcharts.com/refrigerant/r-290/,"index, follow","index, follow, max-video-preview:-1, max-image-preview:large, max-snippet:-1",,64,146,1,"September 28, 2026",true,Organization|ImageObject|WebSite|SearchAction|EntryPoint|Article|CreativeWork|DefinedTerm|DefinedTermSet|Dataset|PropertyValue|DataDownload|Place|FAQPage|Question|Answer|BreadcrumbList|ListItem,2026-09-28,25,9,3424,true
http://localhost:3247/refrigerant/r-32/,200,200,,http://localhost:3247/refrigerant/r-32/,https://hvacptcharts.com/refrigerant/r-32/,"index, follow","index, follow, max-video-preview:-1, max-image-preview:large, max-snippet:-1",,53,145,1,"September 28, 2026",true,Organization|ImageObject|WebSite|SearchAction|EntryPoint|Article|CreativeWork|DefinedTerm|DefinedTermSet|Dataset|PropertyValue|DataDownload|Place|FAQPage|Question|Answer|BreadcrumbList|ListItem,2026-09-28,24,19,3813,true
http://localhost:3247/refrigerant/r-365mfc/,200,200,,http://localhost:3247/refrigerant/r-365mfc/,https://hvacptcharts.com/refrigerant/r-365mfc/,"noindex, follow",,,57,148,1,"September 28, 2026",true,Organization|ImageObject|WebSite|SearchAction|EntryPoint|Article|CreativeWork|DefinedTerm|DefinedTermSet|Dataset|PropertyValue|DataDownload|Place|FAQPage|Question|Answer|BreadcrumbList|ListItem,2026-09-28,20,4,1443,false
http://localhost:3247/refrigerant/r-404a/,200,200,,http://localhost:3247/refrigerant/r-404a/,https://hvacptcharts.com/refrigerant/r-404a/,"index, follow","index, follow, max-video-preview:-1, max-image-preview:large, max-snippet:-1",,55,147,1,"September 28, 2026",true,Organization|ImageObject|WebSite|SearchAction|EntryPoint|Article|CreativeWork|DefinedTerm|DefinedTermSet|Dataset|PropertyValue|DataDownload|Place|FAQPage|Question|Answer|BreadcrumbList|ListItem,2026-09-28,32,20,4094,true
http://localhost:3247/refrigerant/r-407a/,200,200,,http://localhost:3247/refrigerant/r-407a/,https://hvacptcharts.com/refrigerant/r-407a/,"index, follow","index, follow, max-video-preview:-1, max-image-preview:large, max-snippet:-1",,55,147,1,"September 28, 2026",true,Organization|ImageObject|WebSite|SearchAction|EntryPoint|Article|CreativeWork|DefinedTerm|DefinedTermSet|Dataset|PropertyValue|DataDownload|Place|FAQPage|Question|Answer|BreadcrumbList|ListItem,2026-09-28,25,4,1374,true
http://localhost:3247/refrigerant/r-407c/,200,200,,http://localhost:3247/refrigerant/r-407c/,https://hvacptcharts.com/refrigerant/r-407c/,"index, follow","index, follow, max-video-preview:-1, max-image-preview:large, max-snippet:-1",,55,147,1,"September 27, 2026",true,Organization|ImageObject|WebSite|SearchAction|EntryPoint|Article|CreativeWork|DefinedTerm|DefinedTermSet|Dataset|PropertyValue|DataDownload|Place|FAQPage|Question|Answer|BreadcrumbList|ListItem,2026-09-27,27,10,3150,true
http://localhost:3247/refrigerant/r-407f/,200,200,,http://localhost:3247/refrigerant/r-407f/,https://hvacptcharts.com/refrigerant/r-407f/,"index, follow","index, follow, max-video-preview:-1, max-image-preview:large, max-snippet:-1",,55,147,1,"September 28, 2026",true,Organization|ImageObject|WebSite|SearchAction|EntryPoint|Article|CreativeWork|DefinedTerm|DefinedTermSet|Dataset|PropertyValue|DataDownload|Place|FAQPage|Question|Answer|BreadcrumbList|ListItem,2026-09-28,25,4,1313,true
http://localhost:3247/refrigerant/r-410a/,200,200,,http://localhost:3247/refrigerant/r-410a/,https://hvacptcharts.com/refrigerant/r-410a/,"index, follow","index, follow, max-video-preview:-1, max-image-preview:large, max-snippet:-1",,55,147,1,"September 27, 2026",true,Organization|ImageObject|WebSite|SearchAction|EntryPoint|Article|CreativeWork|DefinedTerm|DefinedTermSet|Dataset|PropertyValue|DataDownload|Place|FAQPage|Question|Answer|BreadcrumbList|ListItem,2026-09-27,30,21,4041,true
http://localhost:3247/refrigerant/r-417a/,200,200,,http://localhost:3247/refrigerant/r-417a/,https://hvacptcharts.com/refrigerant/r-417a/,"index, follow","index, follow, max-video-preview:-1, max-image-preview:large, max-snippet:-1",,55,147,1,"September 27, 2026",true,Organization|ImageObject|WebSite|SearchAction|EntryPoint|Article|CreativeWork|DefinedTerm|DefinedTermSet|Dataset|PropertyValue|DataDownload|Place|FAQPage|Question|Answer|BreadcrumbList|ListItem,2026-09-27,23,4,1761,true
http://localhost:3247/refrigerant/r-421a/,200,200,,http://localhost:3247/refrigerant/r-421a/,https://hvacptcharts.com/refrigerant/r-421a/,"index, follow","index, follow, max-video-preview:-1, max-image-preview:large, max-snippet:-1",,55,147,1,"September 27, 2026",true,Organization|ImageObject|WebSite|SearchAction|EntryPoint|Article|CreativeWork|DefinedTerm|DefinedTermSet|Dataset|PropertyValue|DataDownload|Place|FAQPage|Question|Answer|BreadcrumbList|ListItem,2026-09-27,23,4,1553,true
http://localhost:3247/refrigerant/r-422a/,200,200,,http://localhost:3247/refrigerant/r-422a/,https://hvacptcharts.com/refrigerant/r-422a/,"index, follow","index, follow, max-video-preview:-1, max-image-preview:large, max-snippet:-1",,55,147,1,"September 28, 2026",true,Organization|ImageObject|WebSite|SearchAction|EntryPoint|Article|CreativeWork|DefinedTerm|DefinedTermSet|Dataset|PropertyValue|DataDownload|Place|FAQPage|Question|Answer|BreadcrumbList|ListItem,2026-09-28,25,4,1564,true
http://localhost:3247/refrigerant/r-422b/,200,200,,http://localhost:3247/refrigerant/r-422b/,https://hvacptcharts.com/refrigerant/r-422b/,"index, follow","index, follow, max-video-preview:-1, max-image-preview:large, max-snippet:-1",,55,147,1,"September 27, 2026",true,Organization|ImageObject|WebSite|SearchAction|EntryPoint|Article|CreativeWork|DefinedTerm|DefinedTermSet|Dataset|PropertyValue|DataDownload|Place|FAQPage|Question|Answer|BreadcrumbList|ListItem,2026-09-27,23,4,1647,true
http://localhost:3247/refrigerant/r-422d/,200,200,,http://localhost:3247/refrigerant/r-422d/,https://hvacptcharts.com/refrigerant/r-422d/,"index, follow","index, follow, max-video-preview:-1, max-image-preview:large, max-snippet:-1",,55,147,1,"September 28, 2026",true,Organization|ImageObject|WebSite|SearchAction|EntryPoint|Article|CreativeWork|DefinedTerm|DefinedTermSet|Dataset|PropertyValue|DataDownload|Place|FAQPage|Question|Answer|BreadcrumbList|ListItem,2026-09-28,23,5,2336,true
http://localhost:3247/refrigerant/r-427a/,200,200,,http://localhost:3247/refrigerant/r-427a/,https://hvacptcharts.com/refrigerant/r-427a/,"index, follow","index, follow, max-video-preview:-1, max-image-preview:large, max-snippet:-1",,55,147,1,"September 28, 2026",true,Organization|ImageObject|WebSite|SearchAction|EntryPoint|Article|CreativeWork|DefinedTerm|DefinedTermSet|Dataset|PropertyValue|DataDownload|Place|FAQPage|Question|Answer|BreadcrumbList|ListItem,2026-09-28,23,5,1548,true
http://localhost:3247/refrigerant/r-438a/,200,200,,http://localhost:3247/refrigerant/r-438a/,https://hvacptcharts.com/refrigerant/r-438a/,"index, follow","index, follow, max-video-preview:-1, max-image-preview:large, max-snippet:-1",,55,157,1,"September 27, 2026",true,Organization|ImageObject|WebSite|SearchAction|EntryPoint|Article|CreativeWork|DefinedTerm|DefinedTermSet|Dataset|PropertyValue|DataDownload|Place|FAQPage|Question|Answer|BreadcrumbList|ListItem,2026-09-27,24,6,1676,true
http://localhost:3247/refrigerant/r-448a/,200,200,,http://localhost:3247/refrigerant/r-448a/,https://hvacptcharts.com/refrigerant/r-448a/,"index, follow","index, follow, max-video-preview:-1, max-image-preview:large, max-snippet:-1",,51,160,1,"September 28, 2026",true,Organization|ImageObject|WebSite|SearchAction|EntryPoint|Article|CreativeWork|DefinedTerm|DefinedTermSet|Dataset|PropertyValue|DataDownload|Place|FAQPage|Question|Answer|BreadcrumbList|ListItem,2026-09-28,27,13,2859,true
http://localhost:3247/refrigerant/r-449a/,200,200,,http://localhost:3247/refrigerant/r-449a/,https://hvacptcharts.com/refrigerant/r-449a/,"index, follow","index, follow, max-video-preview:-1, max-image-preview:large, max-snippet:-1",,55,147,1,"September 28, 2026",true,Organization|ImageObject|WebSite|SearchAction|EntryPoint|Article|CreativeWork|DefinedTerm|DefinedTermSet|Dataset|PropertyValue|DataDownload|Place|FAQPage|Question|Answer|BreadcrumbList|ListItem,2026-09-28,28,14,2719,true
http://localhost:3247/refrigerant/r-450a/,200,200,,http://localhost:3247/refrigerant/r-450a/,https://hvacptcharts.com/refrigerant/r-450a/,"index, follow","index, follow, max-video-preview:-1, max-image-preview:large, max-snippet:-1",,55,146,1,"September 27, 2026",true,Organization|ImageObject|WebSite|SearchAction|EntryPoint|Article|CreativeWork|DefinedTerm|DefinedTermSet|Dataset|PropertyValue|DataDownload|Place|FAQPage|Question|Answer|BreadcrumbList|ListItem,2026-09-27,24,8,2609,true
http://localhost:3247/refrigerant/r-452a/,200,200,,http://localhost:3247/refrigerant/r-452a/,https://hvacptcharts.com/refrigerant/r-452a/,"index, follow","index, follow, max-video-preview:-1, max-image-preview:large, max-snippet:-1",,55,147,1,"September 28, 2026",true,Organization|ImageObject|WebSite|SearchAction|EntryPoint|Article|CreativeWork|DefinedTerm|DefinedTermSet|Dataset|PropertyValue|DataDownload|Place|FAQPage|Question|Answer|BreadcrumbList|ListItem,2026-09-28,24,5,1604,true
http://localhost:3247/refrigerant/r-452b/,200,200,,http://localhost:3247/refrigerant/r-452b/,https://hvacptcharts.com/refrigerant/r-452b/,"index, follow","index, follow, max-video-preview:-1, max-image-preview:large, max-snippet:-1",,55,147,1,"September 28, 2026",true,Organization|ImageObject|WebSite|SearchAction|EntryPoint|Article|CreativeWork|DefinedTerm|DefinedTermSet|Dataset|PropertyValue|DataDownload|Place|FAQPage|Question|Answer|BreadcrumbList|ListItem,2026-09-28,21,6,1742,true
http://localhost:3247/refrigerant/r-454b/,200,200,,http://localhost:3247/refrigerant/r-454b/,https://hvacptcharts.com/refrigerant/r-454b/,"index, follow","index, follow, max-video-preview:-1, max-image-preview:large, max-snippet:-1",,55,147,1,"September 27, 2026",true,Organization|ImageObject|WebSite|SearchAction|EntryPoint|Article|CreativeWork|DefinedTerm|DefinedTermSet|Dataset|PropertyValue|DataDownload|Place|FAQPage|Question|Answer|BreadcrumbList|ListItem,2026-09-27,26,21,3816,true
http://localhost:3247/refrigerant/r-454c/,200,200,,http://localhost:3247/refrigerant/r-454c/,https://hvacptcharts.com/refrigerant/r-454c/,"index, follow","index, follow, max-video-preview:-1, max-image-preview:large, max-snippet:-1",,55,147,1,"September 28, 2026",true,Organization|ImageObject|WebSite|SearchAction|EntryPoint|Article|CreativeWork|DefinedTerm|DefinedTermSet|Dataset|PropertyValue|DataDownload|Place|FAQPage|Question|Answer|BreadcrumbList|ListItem,2026-09-28,25,15,3159,true
http://localhost:3247/refrigerant/r-455a/,200,200,,http://localhost:3247/refrigerant/r-455a/,https://hvacptcharts.com/refrigerant/r-455a/,"index, follow","index, follow, max-video-preview:-1, max-image-preview:large, max-snippet:-1",,55,147,1,"September 28, 2026",true,Organization|ImageObject|WebSite|SearchAction|EntryPoint|Article|CreativeWork|DefinedTerm|DefinedTermSet|Dataset|PropertyValue|DataDownload|Place|FAQPage|Question|Answer|BreadcrumbList|ListItem,2026-09-28,23,15,3209,true
http://localhost:3247/refrigerant/r-457a/,200,200,,http://localhost:3247/refrigerant/r-457a/,https://hvacptcharts.com/refrigerant/r-457a/,"index, follow","index, follow, max-video-preview:-1, max-image-preview:large, max-snippet:-1",,55,147,1,"September 27, 2026",true,Organization|ImageObject|WebSite|SearchAction|EntryPoint|Article|CreativeWork|DefinedTerm|DefinedTermSet|Dataset|PropertyValue|DataDownload|Place|FAQPage|Question|Answer|BreadcrumbList|ListItem,2026-09-27,22,4,1659,true
http://localhost:3247/refrigerant/r-500/,200,200,,http://localhost:3247/refrigerant/r-500/,https://hvacptcharts.com/refrigerant/r-500/,"index, follow","index, follow, max-video-preview:-1, max-image-preview:large, max-snippet:-1",,54,145,1,"September 27, 2026",true,Organization|ImageObject|WebSite|SearchAction|EntryPoint|Article|CreativeWork|DefinedTerm|DefinedTermSet|Dataset|PropertyValue|DataDownload|Place|FAQPage|Question|Answer|BreadcrumbList|ListItem,2026-09-27,22,4,1424,true
http://localhost:3247/refrigerant/r-502/,200,200,,http://localhost:3247/refrigerant/r-502/,https://hvacptcharts.com/refrigerant/r-502/,"index, follow","index, follow, max-video-preview:-1, max-image-preview:large, max-snippet:-1",,54,146,1,"September 27, 2026",true,Organization|ImageObject|WebSite|SearchAction|EntryPoint|Article|CreativeWork|DefinedTerm|DefinedTermSet|Dataset|PropertyValue|DataDownload|Place|FAQPage|Question|Answer|BreadcrumbList|ListItem,2026-09-27,25,7,1523,true
http://localhost:3247/refrigerant/r-503/,200,200,,http://localhost:3247/refrigerant/r-503/,https://hvacptcharts.com/refrigerant/r-503/,"noindex, follow",,,51,146,1,"September 27, 2026",true,Organization|ImageObject|WebSite|SearchAction|EntryPoint|Article|CreativeWork|DefinedTerm|DefinedTermSet|Dataset|PropertyValue|DataDownload|Place|FAQPage|Question|Answer|BreadcrumbList|ListItem,2026-09-27,21,5,1216,false
http://localhost:3247/refrigerant/r-507a/,200,200,,http://localhost:3247/refrigerant/r-507a/,https://hvacptcharts.com/refrigerant/r-507a/,"index, follow","index, follow, max-video-preview:-1, max-image-preview:large, max-snippet:-1",,55,147,1,"September 28, 2026",true,Organization|ImageObject|WebSite|SearchAction|EntryPoint|Article|CreativeWork|DefinedTerm|DefinedTermSet|Dataset|PropertyValue|DataDownload|Place|FAQPage|Question|Answer|BreadcrumbList|ListItem,2026-09-28,26,6,2667,true
http://localhost:3247/refrigerant/r-513a/,200,200,,http://localhost:3247/refrigerant/r-513a/,https://hvacptcharts.com/refrigerant/r-513a/,"index, follow","index, follow, max-video-preview:-1, max-image-preview:large, max-snippet:-1",,55,146,1,"September 28, 2026",true,Organization|ImageObject|WebSite|SearchAction|EntryPoint|Article|CreativeWork|DefinedTerm|DefinedTermSet|Dataset|PropertyValue|DataDownload|Place|FAQPage|Question|Answer|BreadcrumbList|ListItem,2026-09-28,25,8,2578,true
http://localhost:3247/refrigerant/r-514a/,200,200,,http://localhost:3247/refrigerant/r-514a/,https://hvacptcharts.com/refrigerant/r-514a/,"index, follow","index, follow, max-video-preview:-1, max-image-preview:large, max-snippet:-1",,55,146,1,"September 27, 2026",true,Organization|ImageObject|WebSite|SearchAction|EntryPoint|Article|CreativeWork|DefinedTerm|DefinedTermSet|Dataset|PropertyValue|DataDownload|Place|FAQPage|Question|Answer|BreadcrumbList|ListItem,2026-09-27,21,6,1649,true
http://localhost:3247/refrigerant/r-515a/,200,200,,http://localhost:3247/refrigerant/r-515a/,https://hvacptcharts.com/refrigerant/r-515a/,"index, follow","index, follow, max-video-preview:-1, max-image-preview:large, max-snippet:-1",,55,146,1,"September 27, 2026",true,Organization|ImageObject|WebSite|SearchAction|EntryPoint|Article|CreativeWork|DefinedTerm|DefinedTermSet|Dataset|PropertyValue|DataDownload|Place|FAQPage|Question|Answer|BreadcrumbList|ListItem,2026-09-27,21,4,1745,true
http://localhost:3247/refrigerant/r-515b/,200,200,,http://localhost:3247/refrigerant/r-515b/,https://hvacptcharts.com/refrigerant/r-515b/,"index, follow","index, follow, max-video-preview:-1, max-image-preview:large, max-snippet:-1",,55,146,1,"September 27, 2026",true,Organization|ImageObject|WebSite|SearchAction|EntryPoint|Article|CreativeWork|DefinedTerm|DefinedTermSet|Dataset|PropertyValue|DataDownload|Place|FAQPage|Question|Answer|BreadcrumbList|ListItem,2026-09-27,21,5,1692,true
http://localhost:3247/refrigerant/r-516a/,200,200,,http://localhost:3247/refrigerant/r-516a/,https://hvacptcharts.com/refrigerant/r-516a/,"index, follow","index, follow, max-video-preview:-1, max-image-preview:large, max-snippet:-1",,55,152,1,"September 28, 2026",true,Organization|ImageObject|WebSite|SearchAction|EntryPoint|Article|CreativeWork|DefinedTerm|DefinedTermSet|Dataset|PropertyValue|DataDownload|Place|FAQPage|Question|Answer|BreadcrumbList|ListItem,2026-09-28,21,7,1565,true
http://localhost:3247/refrigerant/r-600a/,200,200,,http://localhost:3247/refrigerant/r-600a/,https://hvacptcharts.com/refrigerant/r-600a/,"index, follow","index, follow, max-video-preview:-1, max-image-preview:large, max-snippet:-1",,67,146,1,"September 27, 2026",true,Organization|ImageObject|WebSite|SearchAction|EntryPoint|Article|CreativeWork|DefinedTerm|DefinedTermSet|Dataset|PropertyValue|DataDownload|Place|FAQPage|Question|Answer|BreadcrumbList|ListItem,2026-09-27,23,6,2420,true
http://localhost:3247/refrigerant/r-717/,200,200,,http://localhost:3247/refrigerant/r-717/,https://hvacptcharts.com/refrigerant/r-717/,"index, follow","index, follow, max-video-preview:-1, max-image-preview:large, max-snippet:-1",,64,146,1,"September 28, 2026",true,Organization|ImageObject|WebSite|SearchAction|EntryPoint|Article|CreativeWork|DefinedTerm|DefinedTermSet|Dataset|PropertyValue|DataDownload|Place|FAQPage|Question|Answer|BreadcrumbList|ListItem,2026-09-28,20,5,3488,true
http://localhost:3247/refrigerant/r-744/,200,200,,http://localhost:3247/refrigerant/r-744/,https://hvacptcharts.com/refrigerant/r-744/,"index, follow","index, follow, max-video-preview:-1, max-image-preview:large, max-snippet:-1",,60,145,1,"September 28, 2026",true,Organization|ImageObject|WebSite|SearchAction|EntryPoint|Article|CreativeWork|DefinedTerm|DefinedTermSet|Dataset|PropertyValue|DataDownload|Place|FAQPage|Question|Answer|BreadcrumbList|ListItem,2026-09-28,24,16,3700,true
http://localhost:3247/refrigerant/r-c318/,200,200,,http://localhost:3247/refrigerant/r-c318/,https://hvacptcharts.com/refrigerant/r-c318/,"noindex, follow",,,55,146,1,"September 27, 2026",true,Organization|ImageObject|WebSite|SearchAction|EntryPoint|Article|CreativeWork|DefinedTerm|DefinedTermSet|Dataset|PropertyValue|DataDownload|Place|FAQPage|Question|Answer|BreadcrumbList|ListItem,2026-09-27,20,4,1479,false
http://localhost:3247/saturation-properties-calculator/,200,200,,http://localhost:3247/saturation-properties-calculator/,https://hvacptcharts.com/saturation-properties-calculator/,"index, follow","index, follow, max-video-preview:-1, max-image-preview:large, max-snippet:-1",,63,158,1,"September 28, 2026",true,Organization|ImageObject|WebSite|SearchAction|EntryPoint|Article|WebApplication|Offer|FAQPage|Question|Answer|BreadcrumbList|ListItem,2026-09-28,18,2,2988,true
http://localhost:3247/subcooling-calculator/,200,200,,http://localhost:3247/subcooling-calculator/,https://hvacptcharts.com/subcooling-calculator/,"index, follow","index, follow, max-video-preview:-1, max-image-preview:large, max-snippet:-1",,67,155,1,"September 28, 2026",true,Organization|ImageObject|WebSite|SearchAction|EntryPoint|Article|WebApplication|Offer|FAQPage|Question|Answer|BreadcrumbList|ListItem,2026-09-28,22,132,4575,true
http://localhost:3247/superheat-calculator/,200,200,,http://localhost:3247/superheat-calculator/,https://hvacptcharts.com/superheat-calculator/,"index, follow","index, follow, max-video-preview:-1, max-image-preview:large, max-snippet:-1",,58,161,1,"September 28, 2026",true,Organization|ImageObject|WebSite|SearchAction|EntryPoint|Article|WebApplication|Offer|FAQPage|Question|Answer|BreadcrumbList|ListItem,2026-09-28,27,132,4860,true
http://localhost:3247/superheat-subcooling-fundamentals/,200,200,,http://localhost:3247/superheat-subcooling-fundamentals/,https://hvacptcharts.com/superheat-subcooling-fundamentals/,"index, follow","index, follow, max-video-preview:-1, max-image-preview:large, max-snippet:-1",,66,148,1,"September 25, 2026",true,Organization|ImageObject|WebSite|SearchAction|EntryPoint|TechArticle|FAQPage|Question|Answer|BreadcrumbList|ListItem,2026-09-25,20,132,2682,true
http://localhost:3247/system-pressure-diagnostic-calculator/,200,200,,http://localhost:3247/system-pressure-diagnostic-calculator/,https://hvacptcharts.com/system-pressure-diagnostic-calculator/,"index, follow","index, follow, max-video-preview:-1, max-image-preview:large, max-snippet:-1",,60,155,1,"September 28, 2026",true,Organization|ImageObject|WebSite|SearchAction|EntryPoint|Article|WebApplication|Offer|FAQPage|Question|Answer|BreadcrumbList|ListItem,2026-09-28,21,22,3620,true
http://localhost:3247/target-superheat-chart/,200,200,,http://localhost:3247/target-superheat-chart/,https://hvacptcharts.com/target-superheat-chart/,"index, follow","index, follow, max-video-preview:-1, max-image-preview:large, max-snippet:-1",,65,151,1,"September 25, 2026",true,Organization|ImageObject|WebSite|SearchAction|EntryPoint|TechArticle|CreativeWork|FAQPage|Question|Answer|BreadcrumbList|ListItem,2026-09-25,19,6,2326,true
http://localhost:3247/terms-of-service/,200,200,,http://localhost:3247/terms-of-service/,https://hvacptcharts.com/terms-of-service/,"index, follow","index, follow, max-video-preview:-1, max-image-preview:large, max-snippet:-1",,16,105,1,,true,Organization|ImageObject|WebSite|SearchAction|EntryPoint|WebPage|BreadcrumbList|ListItem,,16,132,499,true
http://localhost:3247/what-pressure-should-410a/,200,200,,http://localhost:3247/what-pressure-should-410a/,https://hvacptcharts.com/what-pressure-should-410a/,"index, follow","index, follow, max-video-preview:-1, max-image-preview:large, max-snippet:-1",,58,163,1,"September 27, 2026",true,Organization|ImageObject|WebSite|SearchAction|EntryPoint|Article|CreativeWork|HowTo|HowToTool|HowToStep|FAQPage|Question|Answer|BreadcrumbList|ListItem,2026-09-27,27,15,1861,true
http://localhost:3247/what-pressure-should-r1234yf/,200,200,,http://localhost:3247/what-pressure-should-r1234yf/,https://hvacptcharts.com/what-pressure-should-r1234yf/,"index, follow","index, follow, max-video-preview:-1, max-image-preview:large, max-snippet:-1",,62,155,1,"September 27, 2026",true,Organization|ImageObject|WebSite|SearchAction|EntryPoint|Article|CreativeWork|HowTo|HowToTool|HowToStep|FAQPage|Question|Answer|BreadcrumbList|ListItem,2026-09-27,23,4,4184,true
http://localhost:3247/what-pressure-should-r134a/,200,200,,http://localhost:3247/what-pressure-should-r134a/,https://hvacptcharts.com/what-pressure-should-r134a/,"index, follow","index, follow, max-video-preview:-1, max-image-preview:large, max-snippet:-1",,58,155,1,"September 27, 2026",true,Organization|ImageObject|WebSite|SearchAction|EntryPoint|Article|CreativeWork|HowTo|HowToTool|HowToStep|FAQPage|Question|Answer|BreadcrumbList|ListItem,2026-09-27,26,10,1799,true
http://localhost:3247/what-pressure-should-r22/,200,200,,http://localhost:3247/what-pressure-should-r22/,https://hvacptcharts.com/what-pressure-should-r22/,"index, follow","index, follow, max-video-preview:-1, max-image-preview:large, max-snippet:-1",,54,161,1,"September 27, 2026",true,Organization|ImageObject|WebSite|SearchAction|EntryPoint|Article|CreativeWork|HowTo|HowToTool|HowToStep|FAQPage|Question|Answer|BreadcrumbList|ListItem,2026-09-27,28,12,1906,true
http://localhost:3247/what-pressure-should-r32/,200,200,,http://localhost:3247/what-pressure-should-r32/,https://hvacptcharts.com/what-pressure-should-r32/,"index, follow","index, follow, max-video-preview:-1, max-image-preview:large, max-snippet:-1",,54,158,1,"September 27, 2026",true,Organization|ImageObject|WebSite|SearchAction|EntryPoint|Article|CreativeWork|HowTo|HowToTool|HowToStep|FAQPage|Question|Answer|BreadcrumbList|ListItem,2026-09-27,24,7,1856,true
http://localhost:3247/what-pressure-should-r404a/,200,200,,http://localhost:3247/what-pressure-should-r404a/,https://hvacptcharts.com/what-pressure-should-r404a/,"index, follow","index, follow, max-video-preview:-1, max-image-preview:large, max-snippet:-1",,58,162,1,"September 28, 2026",true,Organization|ImageObject|WebSite|SearchAction|EntryPoint|Article|CreativeWork|HowTo|HowToTool|HowToStep|FAQPage|Question|Answer|BreadcrumbList|ListItem,2026-09-28,25,7,1944,true
http://localhost:3247/what-pressure-should-r407c/,200,200,,http://localhost:3247/what-pressure-should-r407c/,https://hvacptcharts.com/what-pressure-should-r407c/,"index, follow","index, follow, max-video-preview:-1, max-image-preview:large, max-snippet:-1",,58,161,1,"September 27, 2026",true,Organization|ImageObject|WebSite|SearchAction|EntryPoint|Article|CreativeWork|HowTo|HowToTool|HowToStep|FAQPage|Question|Answer|BreadcrumbList|ListItem,2026-09-27,24,6,2091,true
http://localhost:3247/what-pressure-should-r449a/,200,200,,http://localhost:3247/what-pressure-should-r449a/,https://hvacptcharts.com/what-pressure-should-r449a/,"index, follow","index, follow, max-video-preview:-1, max-image-preview:large, max-snippet:-1",,58,161,1,"September 28, 2026",true,Organization|ImageObject|WebSite|SearchAction|EntryPoint|Article|CreativeWork|HowTo|HowToTool|HowToStep|FAQPage|Question|Answer|BreadcrumbList|ListItem,2026-09-28,24,5,4535,true
http://localhost:3247/what-pressure-should-r454b/,200,200,,http://localhost:3247/what-pressure-should-r454b/,https://hvacptcharts.com/what-pressure-should-r454b/,"index, follow","index, follow, max-video-preview:-1, max-image-preview:large, max-snippet:-1",,58,150,1,"September 28, 2026",true,Organization|ImageObject|WebSite|SearchAction|EntryPoint|Article|CreativeWork|HowTo|HowToTool|HowToStep|FAQPage|Question|Answer|BreadcrumbList|ListItem,2026-09-28,26,8,1899,true
http://localhost:3247/what-pressure-should-r454c/,200,200,,http://localhost:3247/what-pressure-should-r454c/,https://hvacptcharts.com/what-pressure-should-r454c/,"index, follow","index, follow, max-video-preview:-1, max-image-preview:large, max-snippet:-1",,58,164,1,"September 27, 2026",true,Organization|ImageObject|WebSite|SearchAction|EntryPoint|Article|CreativeWork|HowTo|HowToTool|HowToStep|FAQPage|Question|Answer|BreadcrumbList|ListItem,2026-09-27,24,6,1956,true
http://localhost:3247/what-pressure-should-r744/,200,200,,http://localhost:3247/what-pressure-should-r744/,https://hvacptcharts.com/what-pressure-should-r744/,"index, follow","index, follow, max-video-preview:-1, max-image-preview:large, max-snippet:-1",,62,158,1,"September 27, 2026",true,Organization|ImageObject|WebSite|SearchAction|EntryPoint|Article|CreativeWork|HowTo|HowToTool|HowToStep|FAQPage|Question|Answer|BreadcrumbList|ListItem,2026-09-27,23,5,2154,true
