route	section	table_caption	row_label	°F	°C	psig_lo	psig_hi	kPa_lo	kPa_hi	basis	assumption	source
/what-pressure-should-410a/	R-410A high and low side by outdoor temperature	Operating pressure by outdoor temperature (65–115°F)	Low side (all outdoor temps)	38–45	3.3–7.2	114	130	785	897	dew	38–45°F indoor coil (constant)	CoolProp 7.2.0
/what-pressure-should-410a/	R-410A high and low side by outdoor temperature	Operating pressure by outdoor temperature (65–115°F)	High side	65	18.3	237	275	1,631	1,899	bubble	condenser 15–25°F above outdoor	CoolProp 7.2.0
/what-pressure-should-410a/	R-410A high and low side by outdoor temperature	Operating pressure by outdoor temperature (65–115°F)	High side	70	21.1	255	296	1,761	2,044	bubble	condenser 15–25°F above outdoor	CoolProp 7.2.0
/what-pressure-should-410a/	R-410A high and low side by outdoor temperature	Operating pressure by outdoor temperature (65–115°F)	High side	75	23.9	275	319	1,899	2,196	bubble	condenser 15–25°F above outdoor	CoolProp 7.2.0
/what-pressure-should-410a/	R-410A high and low side by outdoor temperature	Operating pressure by outdoor temperature (65–115°F)	High side	80	26.7	296	342	2,044	2,357	bubble	condenser 15–25°F above outdoor	CoolProp 7.2.0
/what-pressure-should-410a/	R-410A high and low side by outdoor temperature	Operating pressure by outdoor temperature (65–115°F)	High side	85	29.4	319	367	2,196	2,529	bubble	condenser 15–25°F above outdoor	CoolProp 7.2.0
/what-pressure-should-410a/	R-410A high and low side by outdoor temperature	Operating pressure by outdoor temperature (65–115°F)	High side	90	32.2	342	392	2,357	2,705	bubble	condenser 15–25°F above outdoor	CoolProp 7.2.0
/what-pressure-should-410a/	R-410A high and low side by outdoor temperature	Operating pressure by outdoor temperature (65–115°F)	High side	95	35.0	367	419	2,529	2,892	bubble	condenser 15–25°F above outdoor	CoolProp 7.2.0
/what-pressure-should-410a/	R-410A high and low side by outdoor temperature	Operating pressure by outdoor temperature (65–115°F)	High side	100	37.8	392	448	2,705	3,088	bubble	condenser 15–25°F above outdoor	CoolProp 7.2.0
/what-pressure-should-410a/	R-410A high and low side by outdoor temperature	Operating pressure by outdoor temperature (65–115°F)	High side	105	40.6	419	478	2,892	3,295	bubble	condenser 15–25°F above outdoor	CoolProp 7.2.0
/what-pressure-should-410a/	R-410A high and low side by outdoor temperature	Operating pressure by outdoor temperature (65–115°F)	High side	110	43.3	448	509	3,088	3,512	bubble	condenser 15–25°F above outdoor	CoolProp 7.2.0
/what-pressure-should-410a/	R-410A high and low side by outdoor temperature	Operating pressure by outdoor temperature (65–115°F)	High side	115	46.1	478	543	3,295	3,740	bubble	condenser 15–25°F above outdoor	CoolProp 7.2.0
/what-pressure-should-410a/	Standing pressure (system off)	Standing pressure, system off and equalized	Standing	65	18.3	186	186	1,281	1,281	bubble	system off, equalized	CoolProp 7.2.0
/what-pressure-should-410a/	Standing pressure (system off)	Standing pressure, system off and equalized	Standing	70	21.1	202	202	1,391	1,391	bubble	system off, equalized	CoolProp 7.2.0
/what-pressure-should-410a/	Standing pressure (system off)	Standing pressure, system off and equalized	Standing	75	23.9	219	219	1,508	1,508	bubble	system off, equalized	CoolProp 7.2.0
/what-pressure-should-410a/	Standing pressure (system off)	Standing pressure, system off and equalized	Standing	80	26.7	237	237	1,631	1,631	bubble	system off, equalized	CoolProp 7.2.0
/what-pressure-should-410a/	Standing pressure (system off)	Standing pressure, system off and equalized	Standing	85	29.4	255	255	1,761	1,761	bubble	system off, equalized	CoolProp 7.2.0
/what-pressure-should-410a/	Standing pressure (system off)	Standing pressure, system off and equalized	Standing	90	32.2	275	275	1,899	1,899	bubble	system off, equalized	CoolProp 7.2.0
/what-pressure-should-410a/	Standing pressure (system off)	Standing pressure, system off and equalized	Standing	95	35.0	296	296	2,044	2,044	bubble	system off, equalized	CoolProp 7.2.0
/what-pressure-should-410a/	Standing pressure (system off)	Standing pressure, system off and equalized	Standing	100	37.8	319	319	2,196	2,196	bubble	system off, equalized	CoolProp 7.2.0
/what-pressure-should-410a/	Standing pressure (system off)	Standing pressure, system off and equalized	Standing	105	40.6	342	342	2,357	2,357	bubble	system off, equalized	CoolProp 7.2.0
/what-pressure-should-410a/	Standing pressure (system off)	Standing pressure, system off and equalized	Standing	110	43.3	367	367	2,529	2,529	bubble	system off, equalized	CoolProp 7.2.0
/what-pressure-should-410a/	Standing pressure (system off)	Standing pressure, system off and equalized	Standing	115	46.1	392	392	2,705	2,705	bubble	system off, equalized	CoolProp 7.2.0
/what-pressure-should-410a/	R-410A vs R-32 vs R-454B at the same conditions	Side by side at 95°F outdoors	R-410A low side	95	35.0	114	130	785	897	dew	at 95°F outdoors	CoolProp 7.2.0
/what-pressure-should-410a/	R-410A vs R-32 vs R-454B at the same conditions	Side by side at 95°F outdoors	R-410A high side	95	35.0	367	419	2,529	2,892	bubble	at 95°F outdoors	CoolProp 7.2.0
/what-pressure-should-410a/	R-410A vs R-32 vs R-454B at the same conditions	Side by side at 95°F outdoors	R-32 low side	95	35.0	116	133	802	917	dew	at 95°F outdoors	CoolProp 7.2.0
/what-pressure-should-410a/	R-410A vs R-32 vs R-454B at the same conditions	Side by side at 95°F outdoors	R-32 high side	95	35.0	375	429	2,585	2,960	bubble	at 95°F outdoors	CoolProp 7.2.0
/what-pressure-should-410a/	R-410A vs R-32 vs R-454B at the same conditions	Side by side at 95°F outdoors	R-454B low side	95	35.0	103	118	709	812	dew	at 95°F outdoors	CoolProp 7.2.0
/what-pressure-should-410a/	R-410A vs R-32 vs R-454B at the same conditions	Side by side at 95°F outdoors	R-454B high side	95	35.0	346	396	2,385	2,728	bubble	at 95°F outdoors	CoolProp 7.2.0
/what-pressure-should-r22/	R-22 running pressures by outdoor temperature	Operating pressure by outdoor temperature (65–115°F)	Low side (all outdoor temps)	38–45	3.3–7.2	66	76	453	524	dew	38–45°F indoor coil (constant)	CoolProp 7.2.0
/what-pressure-should-r22/	R-22 running pressures by outdoor temperature	Operating pressure by outdoor temperature (65–115°F)	High side	65	18.3	144	168	990	1,161	bubble	condenser 15–25°F above outdoor	CoolProp 7.2.0
/what-pressure-should-r22/	R-22 running pressures by outdoor temperature	Operating pressure by outdoor temperature (65–115°F)	High side	70	21.1	156	182	1,073	1,253	bubble	condenser 15–25°F above outdoor	CoolProp 7.2.0
/what-pressure-should-r22/	R-22 running pressures by outdoor temperature	Operating pressure by outdoor temperature (65–115°F)	High side	75	23.9	168	196	1,161	1,351	bubble	condenser 15–25°F above outdoor	CoolProp 7.2.0
/what-pressure-should-r22/	R-22 running pressures by outdoor temperature	Operating pressure by outdoor temperature (65–115°F)	High side	80	26.7	182	211	1,253	1,453	bubble	condenser 15–25°F above outdoor	CoolProp 7.2.0
/what-pressure-should-r22/	R-22 running pressures by outdoor temperature	Operating pressure by outdoor temperature (65–115°F)	High side	85	29.4	196	226	1,351	1,561	bubble	condenser 15–25°F above outdoor	CoolProp 7.2.0
/what-pressure-should-r22/	R-22 running pressures by outdoor temperature	Operating pressure by outdoor temperature (65–115°F)	High side	90	32.2	211	243	1,453	1,674	bubble	condenser 15–25°F above outdoor	CoolProp 7.2.0
/what-pressure-should-r22/	R-22 running pressures by outdoor temperature	Operating pressure by outdoor temperature (65–115°F)	High side	95	35.0	226	260	1,561	1,792	bubble	condenser 15–25°F above outdoor	CoolProp 7.2.0
/what-pressure-should-r22/	R-22 running pressures by outdoor temperature	Operating pressure by outdoor temperature (65–115°F)	High side	100	37.8	243	278	1,674	1,917	bubble	condenser 15–25°F above outdoor	CoolProp 7.2.0
/what-pressure-should-r22/	R-22 running pressures by outdoor temperature	Operating pressure by outdoor temperature (65–115°F)	High side	105	40.6	260	297	1,792	2,047	bubble	condenser 15–25°F above outdoor	CoolProp 7.2.0
/what-pressure-should-r22/	R-22 running pressures by outdoor temperature	Operating pressure by outdoor temperature (65–115°F)	High side	110	43.3	278	317	1,917	2,183	bubble	condenser 15–25°F above outdoor	CoolProp 7.2.0
/what-pressure-should-r22/	R-22 running pressures by outdoor temperature	Operating pressure by outdoor temperature (65–115°F)	High side	115	46.1	297	337	2,047	2,326	bubble	condenser 15–25°F above outdoor	CoolProp 7.2.0
/what-pressure-should-r22/	Standing pressure with the system off	Standing pressure, system off and equalized	Standing	65	18.3	111	111	767	767	saturation	system off, equalized	CoolProp 7.2.0
/what-pressure-should-r22/	Standing pressure with the system off	Standing pressure, system off and equalized	Standing	70	21.1	121	121	837	837	saturation	system off, equalized	CoolProp 7.2.0
/what-pressure-should-r22/	Standing pressure with the system off	Standing pressure, system off and equalized	Standing	75	23.9	132	132	912	912	saturation	system off, equalized	CoolProp 7.2.0
/what-pressure-should-r22/	Standing pressure with the system off	Standing pressure, system off and equalized	Standing	80	26.7	144	144	990	990	saturation	system off, equalized	CoolProp 7.2.0
/what-pressure-should-r22/	Standing pressure with the system off	Standing pressure, system off and equalized	Standing	85	29.4	156	156	1,073	1,073	saturation	system off, equalized	CoolProp 7.2.0
/what-pressure-should-r22/	Standing pressure with the system off	Standing pressure, system off and equalized	Standing	90	32.2	168	168	1,161	1,161	saturation	system off, equalized	CoolProp 7.2.0
/what-pressure-should-r22/	Standing pressure with the system off	Standing pressure, system off and equalized	Standing	95	35.0	182	182	1,253	1,253	saturation	system off, equalized	CoolProp 7.2.0
/what-pressure-should-r22/	Standing pressure with the system off	Standing pressure, system off and equalized	Standing	100	37.8	196	196	1,351	1,351	saturation	system off, equalized	CoolProp 7.2.0
/what-pressure-should-r22/	Standing pressure with the system off	Standing pressure, system off and equalized	Standing	105	40.6	211	211	1,453	1,453	saturation	system off, equalized	CoolProp 7.2.0
/what-pressure-should-r22/	Standing pressure with the system off	Standing pressure, system off and equalized	Standing	110	43.3	226	226	1,561	1,561	saturation	system off, equalized	CoolProp 7.2.0
/what-pressure-should-r22/	Standing pressure with the system off	Standing pressure, system off and equalized	Standing	115	46.1	243	243	1,674	1,674	saturation	system off, equalized	CoolProp 7.2.0
/what-pressure-should-r32/	R-32 running pressure in cooling	Operating pressure by outdoor temperature (65–115°F)	Low side (all outdoor temps)	38–45	3.3–7.2	116	133	802	917	dew	38–45°F indoor coil (constant)	CoolProp 7.2.0
/what-pressure-should-r32/	R-32 running pressure in cooling	Operating pressure by outdoor temperature (65–115°F)	High side	65	18.3	241	281	1,665	1,940	bubble	condenser 15–25°F above outdoor	CoolProp 7.2.0
/what-pressure-should-r32/	R-32 running pressure in cooling	Operating pressure by outdoor temperature (65–115°F)	High side	70	21.1	261	303	1,799	2,088	bubble	condenser 15–25°F above outdoor	CoolProp 7.2.0
/what-pressure-should-r32/	R-32 running pressure in cooling	Operating pressure by outdoor temperature (65–115°F)	High side	75	23.9	281	326	1,940	2,245	bubble	condenser 15–25°F above outdoor	CoolProp 7.2.0
/what-pressure-should-r32/	R-32 running pressure in cooling	Operating pressure by outdoor temperature (65–115°F)	High side	80	26.7	303	350	2,088	2,411	bubble	condenser 15–25°F above outdoor	CoolProp 7.2.0
/what-pressure-should-r32/	R-32 running pressure in cooling	Operating pressure by outdoor temperature (65–115°F)	High side	85	29.4	326	375	2,245	2,585	bubble	condenser 15–25°F above outdoor	CoolProp 7.2.0
/what-pressure-should-r32/	R-32 running pressure in cooling	Operating pressure by outdoor temperature (65–115°F)	High side	90	32.2	350	401	2,411	2,768	bubble	condenser 15–25°F above outdoor	CoolProp 7.2.0
/what-pressure-should-r32/	R-32 running pressure in cooling	Operating pressure by outdoor temperature (65–115°F)	High side	95	35.0	375	429	2,585	2,960	bubble	condenser 15–25°F above outdoor	CoolProp 7.2.0
/what-pressure-should-r32/	R-32 running pressure in cooling	Operating pressure by outdoor temperature (65–115°F)	High side	100	37.8	401	459	2,768	3,162	bubble	condenser 15–25°F above outdoor	CoolProp 7.2.0
/what-pressure-should-r32/	R-32 running pressure in cooling	Operating pressure by outdoor temperature (65–115°F)	High side	105	40.6	429	489	2,960	3,375	bubble	condenser 15–25°F above outdoor	CoolProp 7.2.0
/what-pressure-should-r32/	R-32 running pressure in cooling	Operating pressure by outdoor temperature (65–115°F)	High side	110	43.3	459	522	3,162	3,598	bubble	condenser 15–25°F above outdoor	CoolProp 7.2.0
/what-pressure-should-r32/	R-32 running pressure in cooling	Operating pressure by outdoor temperature (65–115°F)	High side	115	46.1	489	556	3,375	3,832	bubble	condenser 15–25°F above outdoor	CoolProp 7.2.0
/what-pressure-should-r32/	Standing pressure at room temperature	Standing pressure, system off and equalized	Standing	65	18.3	189	189	1,306	1,306	saturation	system off, equalized	CoolProp 7.2.0
/what-pressure-should-r32/	Standing pressure at room temperature	Standing pressure, system off and equalized	Standing	68	20.0	199	199	1,373	1,373	saturation	system off, equalized	CoolProp 7.2.0
/what-pressure-should-r32/	Standing pressure at room temperature	Standing pressure, system off and equalized	Standing	70	21.1	206	206	1,419	1,419	saturation	system off, equalized	CoolProp 7.2.0
/what-pressure-should-r32/	Standing pressure at room temperature	Standing pressure, system off and equalized	Standing	75	23.9	223	223	1,539	1,539	saturation	system off, equalized	CoolProp 7.2.0
/what-pressure-should-r32/	Standing pressure at room temperature	Standing pressure, system off and equalized	Standing	80	26.7	241	241	1,665	1,665	saturation	system off, equalized	CoolProp 7.2.0
/what-pressure-should-r32/	Standing pressure at room temperature	Standing pressure, system off and equalized	Standing	85	29.4	261	261	1,799	1,799	saturation	system off, equalized	CoolProp 7.2.0
/what-pressure-should-r32/	Standing pressure at room temperature	Standing pressure, system off and equalized	Standing	86	30.0	265	265	1,826	1,826	saturation	system off, equalized	CoolProp 7.2.0
/what-pressure-should-r32/	Standing pressure at room temperature	Standing pressure, system off and equalized	Standing	90	32.2	281	281	1,940	1,940	saturation	system off, equalized	CoolProp 7.2.0
/what-pressure-should-r32/	Standing pressure at room temperature	Standing pressure, system off and equalized	Standing	95	35.0	303	303	2,088	2,088	saturation	system off, equalized	CoolProp 7.2.0
/what-pressure-should-r32/	Standing pressure at room temperature	Standing pressure, system off and equalized	Standing	100	37.8	326	326	2,245	2,245	saturation	system off, equalized	CoolProp 7.2.0
/what-pressure-should-r32/	Standing pressure at room temperature	Standing pressure, system off and equalized	Standing	105	40.6	350	350	2,411	2,411	saturation	system off, equalized	CoolProp 7.2.0
/what-pressure-should-r32/	Standing pressure at room temperature	Standing pressure, system off and equalized	Standing	110	43.3	375	375	2,585	2,585	saturation	system off, equalized	CoolProp 7.2.0
/what-pressure-should-r32/	Standing pressure at room temperature	Standing pressure, system off and equalized	Standing	115	46.1	401	401	2,768	2,768	saturation	system off, equalized	CoolProp 7.2.0
/what-pressure-should-r32/	R-32 vs R-410A pressures	Side by side at 95°F outdoors	R-32 low side	95	35.0	116	133	802	917	dew	at 95°F outdoors	CoolProp 7.2.0
/what-pressure-should-r32/	R-32 vs R-410A pressures	Side by side at 95°F outdoors	R-32 high side	95	35.0	375	429	2,585	2,960	bubble	at 95°F outdoors	CoolProp 7.2.0
/what-pressure-should-r32/	R-32 vs R-410A pressures	Side by side at 95°F outdoors	R-410A low side	95	35.0	114	130	785	897	dew	at 95°F outdoors	CoolProp 7.2.0
/what-pressure-should-r32/	R-32 vs R-410A pressures	Side by side at 95°F outdoors	R-410A high side	95	35.0	367	419	2,529	2,892	bubble	at 95°F outdoors	CoolProp 7.2.0
/what-pressure-should-r454b/	R-454B normal operating pressures	Operating pressure by outdoor temperature (65–115°F)	Low side (all outdoor temps)	38–45	3.3–7.2	103	118	709	812	dew	38–45°F indoor coil (constant)	CoolProp 7.2.0
/what-pressure-should-r454b/	R-454B normal operating pressures	Operating pressure by outdoor temperature (65–115°F)	High side	65	18.3	223	260	1,540	1,793	bubble	condenser 15–25°F above outdoor	CoolProp 7.2.0
/what-pressure-should-r454b/	R-454B normal operating pressures	Operating pressure by outdoor temperature (65–115°F)	High side	70	21.1	241	280	1,663	1,930	bubble	condenser 15–25°F above outdoor	CoolProp 7.2.0
/what-pressure-should-r454b/	R-454B normal operating pressures	Operating pressure by outdoor temperature (65–115°F)	High side	75	23.9	260	301	1,793	2,074	bubble	condenser 15–25°F above outdoor	CoolProp 7.2.0
/what-pressure-should-r454b/	R-454B normal operating pressures	Operating pressure by outdoor temperature (65–115°F)	High side	80	26.7	280	323	1,930	2,225	bubble	condenser 15–25°F above outdoor	CoolProp 7.2.0
/what-pressure-should-r454b/	R-454B normal operating pressures	Operating pressure by outdoor temperature (65–115°F)	High side	85	29.4	301	346	2,074	2,385	bubble	condenser 15–25°F above outdoor	CoolProp 7.2.0
/what-pressure-should-r454b/	R-454B normal operating pressures	Operating pressure by outdoor temperature (65–115°F)	High side	90	32.2	323	370	2,225	2,552	bubble	condenser 15–25°F above outdoor	CoolProp 7.2.0
/what-pressure-should-r454b/	R-454B normal operating pressures	Operating pressure by outdoor temperature (65–115°F)	High side	95	35.0	346	396	2,385	2,728	bubble	condenser 15–25°F above outdoor	CoolProp 7.2.0
/what-pressure-should-r454b/	R-454B normal operating pressures	Operating pressure by outdoor temperature (65–115°F)	High side	100	37.8	370	422	2,552	2,912	bubble	condenser 15–25°F above outdoor	CoolProp 7.2.0
/what-pressure-should-r454b/	R-454B normal operating pressures	Operating pressure by outdoor temperature (65–115°F)	High side	105	40.6	396	450	2,728	3,106	bubble	condenser 15–25°F above outdoor	CoolProp 7.2.0
/what-pressure-should-r454b/	R-454B normal operating pressures	Operating pressure by outdoor temperature (65–115°F)	High side	110	43.3	422	—	2,912	—	bubble	condenser 15–25°F above outdoor	CoolProp 7.2.0
/what-pressure-should-r454b/	R-454B normal operating pressures	Operating pressure by outdoor temperature (65–115°F)	High side	115	46.1	450	—	3,106	—	bubble	condenser 15–25°F above outdoor	CoolProp 7.2.0
/what-pressure-should-r454b/	R-454B vs R-410A running pressures, 65–115°F	High side by outdoor temperature (65–115°F)	R-454B high	65	18.3	223	260	1,540	1,793	bubble	condenser 15–25°F above outdoor	CoolProp 7.2.0
/what-pressure-should-r454b/	R-454B vs R-410A running pressures, 65–115°F	High side by outdoor temperature (65–115°F)	R-410A high	65	18.3	237	275	1,631	1,899	bubble	condenser 15–25°F above outdoor	CoolProp 7.2.0
/what-pressure-should-r454b/	R-454B vs R-410A running pressures, 65–115°F	High side by outdoor temperature (65–115°F)	R-454B high	70	21.1	241	280	1,663	1,930	bubble	condenser 15–25°F above outdoor	CoolProp 7.2.0
/what-pressure-should-r454b/	R-454B vs R-410A running pressures, 65–115°F	High side by outdoor temperature (65–115°F)	R-410A high	70	21.1	255	296	1,761	2,044	bubble	condenser 15–25°F above outdoor	CoolProp 7.2.0
/what-pressure-should-r454b/	R-454B vs R-410A running pressures, 65–115°F	High side by outdoor temperature (65–115°F)	R-454B high	75	23.9	260	301	1,793	2,074	bubble	condenser 15–25°F above outdoor	CoolProp 7.2.0
/what-pressure-should-r454b/	R-454B vs R-410A running pressures, 65–115°F	High side by outdoor temperature (65–115°F)	R-410A high	75	23.9	275	319	1,899	2,196	bubble	condenser 15–25°F above outdoor	CoolProp 7.2.0
/what-pressure-should-r454b/	R-454B vs R-410A running pressures, 65–115°F	High side by outdoor temperature (65–115°F)	R-454B high	80	26.7	280	323	1,930	2,225	bubble	condenser 15–25°F above outdoor	CoolProp 7.2.0
/what-pressure-should-r454b/	R-454B vs R-410A running pressures, 65–115°F	High side by outdoor temperature (65–115°F)	R-410A high	80	26.7	296	342	2,044	2,357	bubble	condenser 15–25°F above outdoor	CoolProp 7.2.0
/what-pressure-should-r454b/	R-454B vs R-410A running pressures, 65–115°F	High side by outdoor temperature (65–115°F)	R-454B high	85	29.4	301	346	2,074	2,385	bubble	condenser 15–25°F above outdoor	CoolProp 7.2.0
/what-pressure-should-r454b/	R-454B vs R-410A running pressures, 65–115°F	High side by outdoor temperature (65–115°F)	R-410A high	85	29.4	319	367	2,196	2,529	bubble	condenser 15–25°F above outdoor	CoolProp 7.2.0
/what-pressure-should-r454b/	R-454B vs R-410A running pressures, 65–115°F	High side by outdoor temperature (65–115°F)	R-454B high	90	32.2	323	370	2,225	2,552	bubble	condenser 15–25°F above outdoor	CoolProp 7.2.0
/what-pressure-should-r454b/	R-454B vs R-410A running pressures, 65–115°F	High side by outdoor temperature (65–115°F)	R-410A high	90	32.2	342	392	2,357	2,705	bubble	condenser 15–25°F above outdoor	CoolProp 7.2.0
/what-pressure-should-r454b/	R-454B vs R-410A running pressures, 65–115°F	High side by outdoor temperature (65–115°F)	R-454B high	95	35.0	346	396	2,385	2,728	bubble	condenser 15–25°F above outdoor	CoolProp 7.2.0
/what-pressure-should-r454b/	R-454B vs R-410A running pressures, 65–115°F	High side by outdoor temperature (65–115°F)	R-410A high	95	35.0	367	419	2,529	2,892	bubble	condenser 15–25°F above outdoor	CoolProp 7.2.0
/what-pressure-should-r454b/	R-454B vs R-410A running pressures, 65–115°F	High side by outdoor temperature (65–115°F)	R-454B high	100	37.8	370	422	2,552	2,912	bubble	condenser 15–25°F above outdoor	CoolProp 7.2.0
/what-pressure-should-r454b/	R-454B vs R-410A running pressures, 65–115°F	High side by outdoor temperature (65–115°F)	R-410A high	100	37.8	392	448	2,705	3,088	bubble	condenser 15–25°F above outdoor	CoolProp 7.2.0
/what-pressure-should-r454b/	R-454B vs R-410A running pressures, 65–115°F	High side by outdoor temperature (65–115°F)	R-454B high	105	40.6	396	450	2,728	3,106	bubble	condenser 15–25°F above outdoor	CoolProp 7.2.0
/what-pressure-should-r454b/	R-454B vs R-410A running pressures, 65–115°F	High side by outdoor temperature (65–115°F)	R-410A high	105	40.6	419	478	2,892	3,295	bubble	condenser 15–25°F above outdoor	CoolProp 7.2.0
/what-pressure-should-r454b/	R-454B vs R-410A running pressures, 65–115°F	High side by outdoor temperature (65–115°F)	R-454B high	110	43.3	422	—	2,912	—	bubble	condenser 15–25°F above outdoor	CoolProp 7.2.0
/what-pressure-should-r454b/	R-454B vs R-410A running pressures, 65–115°F	High side by outdoor temperature (65–115°F)	R-410A high	110	43.3	448	509	3,088	3,512	bubble	condenser 15–25°F above outdoor	CoolProp 7.2.0
/what-pressure-should-r454b/	R-454B vs R-410A running pressures, 65–115°F	High side by outdoor temperature (65–115°F)	R-454B high	115	46.1	450	—	3,106	—	bubble	condenser 15–25°F above outdoor	CoolProp 7.2.0
/what-pressure-should-r454b/	R-454B vs R-410A running pressures, 65–115°F	High side by outdoor temperature (65–115°F)	R-410A high	115	46.1	478	543	3,295	3,740	bubble	condenser 15–25°F above outdoor	CoolProp 7.2.0
/what-pressure-should-r454b/	Standing pressure	Standing pressure, system off and equalized	Standing	65	18.3	168	175	1,161	1,209	dew–bubble	system off, equalized	CoolProp 7.2.0
/what-pressure-should-r454b/	Standing pressure	Standing pressure, system off and equalized	Standing	70	21.1	183	191	1,263	1,313	dew–bubble	system off, equalized	CoolProp 7.2.0
/what-pressure-should-r454b/	Standing pressure	Standing pressure, system off and equalized	Standing	75	23.9	199	206	1,370	1,424	dew–bubble	system off, equalized	CoolProp 7.2.0
/what-pressure-should-r454b/	Standing pressure	Standing pressure, system off and equalized	Standing	80	26.7	215	223	1,483	1,540	dew–bubble	system off, equalized	CoolProp 7.2.0
/what-pressure-should-r454b/	Standing pressure	Standing pressure, system off and equalized	Standing	85	29.4	233	241	1,604	1,663	dew–bubble	system off, equalized	CoolProp 7.2.0
/what-pressure-should-r454b/	Standing pressure	Standing pressure, system off and equalized	Standing	90	32.2	251	260	1,730	1,793	dew–bubble	system off, equalized	CoolProp 7.2.0
/what-pressure-should-r454b/	Standing pressure	Standing pressure, system off and equalized	Standing	95	35.0	270	280	1,864	1,930	dew–bubble	system off, equalized	CoolProp 7.2.0
/what-pressure-should-r454b/	Standing pressure	Standing pressure, system off and equalized	Standing	100	37.8	291	301	2,005	2,074	dew–bubble	system off, equalized	CoolProp 7.2.0
/what-pressure-should-r454b/	Standing pressure	Standing pressure, system off and equalized	Standing	105	40.6	312	323	2,154	2,225	dew–bubble	system off, equalized	CoolProp 7.2.0
/what-pressure-should-r454b/	Standing pressure	Standing pressure, system off and equalized	Standing	110	43.3	335	346	2,311	2,385	dew–bubble	system off, equalized	CoolProp 7.2.0
/what-pressure-should-r454b/	Standing pressure	Standing pressure, system off and equalized	Standing	115	46.1	359	370	2,476	2,552	dew–bubble	system off, equalized	CoolProp 7.2.0
/what-pressure-should-r407c/	R-407C suction and discharge pressure chart	Operating pressure by outdoor temperature (65–115°F)	Low side (all outdoor temps)	38–45	3.3–7.2	60	71	416	488	dew	38–45°F indoor coil (constant)	CoolProp 7.2.0
/what-pressure-should-r407c/	R-407C suction and discharge pressure chart	Operating pressure by outdoor temperature (65–115°F)	High side	65	18.3	166	194	1,143	1,338	bubble	condenser 15–25°F above outdoor	CoolProp 7.2.0
/what-pressure-should-r407c/	R-407C suction and discharge pressure chart	Operating pressure by outdoor temperature (65–115°F)	High side	70	21.1	180	209	1,238	1,444	bubble	condenser 15–25°F above outdoor	CoolProp 7.2.0
/what-pressure-should-r407c/	R-407C suction and discharge pressure chart	Operating pressure by outdoor temperature (65–115°F)	High side	75	23.9	194	225	1,338	1,555	bubble	condenser 15–25°F above outdoor	CoolProp 7.2.0
/what-pressure-should-r407c/	R-407C suction and discharge pressure chart	Operating pressure by outdoor temperature (65–115°F)	High side	80	26.7	209	242	1,444	1,672	bubble	condenser 15–25°F above outdoor	CoolProp 7.2.0
/what-pressure-should-r407c/	R-407C suction and discharge pressure chart	Operating pressure by outdoor temperature (65–115°F)	High side	85	29.4	225	260	1,555	1,794	bubble	condenser 15–25°F above outdoor	CoolProp 7.2.0
/what-pressure-should-r407c/	R-407C suction and discharge pressure chart	Operating pressure by outdoor temperature (65–115°F)	High side	90	32.2	242	279	1,672	1,923	bubble	condenser 15–25°F above outdoor	CoolProp 7.2.0
/what-pressure-should-r407c/	R-407C suction and discharge pressure chart	Operating pressure by outdoor temperature (65–115°F)	High side	95	35.0	260	299	1,794	2,059	bubble	condenser 15–25°F above outdoor	CoolProp 7.2.0
/what-pressure-should-r407c/	R-407C suction and discharge pressure chart	Operating pressure by outdoor temperature (65–115°F)	High side	100	37.8	279	319	1,923	2,201	bubble	condenser 15–25°F above outdoor	CoolProp 7.2.0
/what-pressure-should-r407c/	R-407C suction and discharge pressure chart	Operating pressure by outdoor temperature (65–115°F)	High side	105	40.6	299	341	2,059	2,349	bubble	condenser 15–25°F above outdoor	CoolProp 7.2.0
/what-pressure-should-r407c/	R-407C suction and discharge pressure chart	Operating pressure by outdoor temperature (65–115°F)	High side	110	43.3	319	364	2,201	2,508	bubble	condenser 15–25°F above outdoor	CoolProp 7.2.0
/what-pressure-should-r407c/	R-407C suction and discharge pressure chart	Operating pressure by outdoor temperature (65–115°F)	High side	115	46.1	341	387	2,349	2,668	bubble	condenser 15–25°F above outdoor	CoolProp 7.2.0
/what-pressure-should-r407c/	Standing pressure is a range, not one number	Standing pressure, system off and equalized	Standing	65	18.3	107	129	736	889	dew–bubble	system off, equalized	CoolProp 7.2.0
/what-pressure-should-r407c/	Standing pressure is a range, not one number	Standing pressure, system off and equalized	Standing	70	21.1	117	141	809	969	dew–bubble	system off, equalized	CoolProp 7.2.0
/what-pressure-should-r407c/	Standing pressure is a range, not one number	Standing pressure, system off and equalized	Standing	75	23.9	129	153	886	1,054	dew–bubble	system off, equalized	CoolProp 7.2.0
/what-pressure-should-r407c/	Standing pressure is a range, not one number	Standing pressure, system off and equalized	Standing	80	26.7	141	166	969	1,143	dew–bubble	system off, equalized	CoolProp 7.2.0
/what-pressure-should-r407c/	Standing pressure is a range, not one number	Standing pressure, system off and equalized	Standing	85	29.4	153	180	1,056	1,238	dew–bubble	system off, equalized	CoolProp 7.2.0
/what-pressure-should-r407c/	Standing pressure is a range, not one number	Standing pressure, system off and equalized	Standing	90	32.2	167	194	1,149	1,338	dew–bubble	system off, equalized	CoolProp 7.2.0
/what-pressure-should-r407c/	Standing pressure is a range, not one number	Standing pressure, system off and equalized	Standing	95	35.0	181	209	1,248	1,444	dew–bubble	system off, equalized	CoolProp 7.2.0
/what-pressure-should-r407c/	Standing pressure is a range, not one number	Standing pressure, system off and equalized	Standing	100	37.8	196	225	1,352	1,555	dew–bubble	system off, equalized	CoolProp 7.2.0
/what-pressure-should-r407c/	Standing pressure is a range, not one number	Standing pressure, system off and equalized	Standing	105	40.6	212	242	1,463	1,672	dew–bubble	system off, equalized	CoolProp 7.2.0
/what-pressure-should-r407c/	Standing pressure is a range, not one number	Standing pressure, system off and equalized	Standing	110	43.3	229	260	1,579	1,794	dew–bubble	system off, equalized	CoolProp 7.2.0
/what-pressure-should-r407c/	Standing pressure is a range, not one number	Standing pressure, system off and equalized	Standing	115	46.1	247	279	1,702	1,923	dew–bubble	system off, equalized	CoolProp 7.2.0
/what-pressure-should-r404a/	R-404A suction pressure: walk-in freezer vs cooler	Suction pressure by application (AHRI 1250 walk-in coil temperatures)	Walk-in cooler (25°F coil)	25	-3.9	58	66	400	458	dew	25°F cooler coil ±3°F (AHRI 1250 Table 16)	AHRI 1250-2020 Tables 16/17
/what-pressure-should-r404a/	R-404A suction pressure: walk-in freezer vs cooler	Suction pressure by application (AHRI 1250 walk-in coil temperatures)	Walk-in freezer (-20°F coil)	-20	-28.9	14	18	96	125	dew	−20°F freezer coil ±3°F (AHRI 1250 Table 17)	AHRI 1250-2020 Tables 16/17
/what-pressure-should-r404a/	Discharge (head) pressure by outdoor temperature	Head (discharge) pressure by outdoor temperature (65–115°F)	Head	65	18.3	175	220	1,209	1,518	bubble	condenser 15–30°F above outdoor	CoolProp 7.2.0
/what-pressure-should-r404a/	Discharge (head) pressure by outdoor temperature	Head (discharge) pressure by outdoor temperature (65–115°F)	Head	70	21.1	190	237	1,307	1,632	bubble	condenser 15–30°F above outdoor	CoolProp 7.2.0
/what-pressure-should-r404a/	Discharge (head) pressure by outdoor temperature	Head (discharge) pressure by outdoor temperature (65–115°F)	Head	75	23.9	204	254	1,410	1,753	bubble	condenser 15–30°F above outdoor	CoolProp 7.2.0
/what-pressure-should-r404a/	Discharge (head) pressure by outdoor temperature	Head (discharge) pressure by outdoor temperature (65–115°F)	Head	80	26.7	220	273	1,518	1,879	bubble	condenser 15–30°F above outdoor	CoolProp 7.2.0
/what-pressure-should-r404a/	Discharge (head) pressure by outdoor temperature	Head (discharge) pressure by outdoor temperature (65–115°F)	Head	85	29.4	237	292	1,632	2,012	bubble	condenser 15–30°F above outdoor	CoolProp 7.2.0
/what-pressure-should-r404a/	Discharge (head) pressure by outdoor temperature	Head (discharge) pressure by outdoor temperature (65–115°F)	Head	90	32.2	254	312	1,753	2,152	bubble	condenser 15–30°F above outdoor	CoolProp 7.2.0
/what-pressure-should-r404a/	Discharge (head) pressure by outdoor temperature	Head (discharge) pressure by outdoor temperature (65–115°F)	Head	95	35.0	273	333	1,879	2,298	bubble	condenser 15–30°F above outdoor	CoolProp 7.2.0
/what-pressure-should-r404a/	Discharge (head) pressure by outdoor temperature	Head (discharge) pressure by outdoor temperature (65–115°F)	Head	100	37.8	292	356	2,012	2,452	bubble	condenser 15–30°F above outdoor	CoolProp 7.2.0
/what-pressure-should-r404a/	Discharge (head) pressure by outdoor temperature	Head (discharge) pressure by outdoor temperature (65–115°F)	Head	105	40.6	312	379	2,152	2,614	bubble	condenser 15–30°F above outdoor	CoolProp 7.2.0
/what-pressure-should-r404a/	Discharge (head) pressure by outdoor temperature	Head (discharge) pressure by outdoor temperature (65–115°F)	Head	110	43.3	333	404	2,298	2,784	bubble	condenser 15–30°F above outdoor	CoolProp 7.2.0
/what-pressure-should-r404a/	Discharge (head) pressure by outdoor temperature	Head (discharge) pressure by outdoor temperature (65–115°F)	Head	115	46.1	356	430	2,452	2,962	bubble	condenser 15–30°F above outdoor	CoolProp 7.2.0
/what-pressure-should-r449a/	R-449A suction pressure by application	Suction pressure by application (AHRI 1250 walk-in coil temperatures)	Walk-in cooler (25°F coil)	25	-3.9	47	54	322	374	dew	25°F cooler coil ±3°F (AHRI 1250 Table 16)	AHRI 1250-2020 Tables 16/17
/what-pressure-should-r449a/	R-449A suction pressure by application	Suction pressure by application (AHRI 1250 walk-in coil temperatures)	Walk-in freezer (-20°F coil)	-20	-28.9	8.1	11.6	56	80	dew	−20°F freezer coil ±3°F (AHRI 1250 Table 17)	AHRI 1250-2020 Tables 16/17
/what-pressure-should-r449a/	Head pressure by outdoor temperature	Head (discharge) pressure by outdoor temperature (65–115°F)	Head	65	18.3	178	223	1,224	1,539	bubble	condenser 15–30°F above outdoor	CoolProp 7.2.0
/what-pressure-should-r449a/	Head pressure by outdoor temperature	Head (discharge) pressure by outdoor temperature (65–115°F)	Head	70	21.1	192	240	1,324	1,655	bubble	condenser 15–30°F above outdoor	CoolProp 7.2.0
/what-pressure-should-r449a/	Head pressure by outdoor temperature	Head (discharge) pressure by outdoor temperature (65–115°F)	Head	75	23.9	207	258	1,428	1,777	bubble	condenser 15–30°F above outdoor	CoolProp 7.2.0
/what-pressure-should-r449a/	Head pressure by outdoor temperature	Head (discharge) pressure by outdoor temperature (65–115°F)	Head	80	26.7	223	276	1,539	1,905	bubble	condenser 15–30°F above outdoor	CoolProp 7.2.0
/what-pressure-should-r449a/	Head pressure by outdoor temperature	Head (discharge) pressure by outdoor temperature (65–115°F)	Head	85	29.4	240	296	1,655	2,040	bubble	condenser 15–30°F above outdoor	CoolProp 7.2.0
/what-pressure-should-r449a/	Head pressure by outdoor temperature	Head (discharge) pressure by outdoor temperature (65–115°F)	Head	90	32.2	258	316	1,777	2,181	bubble	condenser 15–30°F above outdoor	CoolProp 7.2.0
/what-pressure-should-r449a/	Head pressure by outdoor temperature	Head (discharge) pressure by outdoor temperature (65–115°F)	Head	95	35.0	276	338	1,905	2,328	bubble	condenser 15–30°F above outdoor	CoolProp 7.2.0
/what-pressure-should-r449a/	Head pressure by outdoor temperature	Head (discharge) pressure by outdoor temperature (65–115°F)	Head	100	37.8	296	360	2,040	2,483	bubble	condenser 15–30°F above outdoor	CoolProp 7.2.0
/what-pressure-should-r449a/	Head pressure by outdoor temperature	Head (discharge) pressure by outdoor temperature (65–115°F)	Head	105	40.6	316	384	2,181	2,645	bubble	condenser 15–30°F above outdoor	CoolProp 7.2.0
/what-pressure-should-r449a/	Head pressure by outdoor temperature	Head (discharge) pressure by outdoor temperature (65–115°F)	Head	110	43.3	338	408	2,328	2,814	bubble	condenser 15–30°F above outdoor	CoolProp 7.2.0
/what-pressure-should-r449a/	Head pressure by outdoor temperature	Head (discharge) pressure by outdoor temperature (65–115°F)	Head	115	46.1	360	434	2,483	2,991	bubble	condenser 15–30°F above outdoor	CoolProp 7.2.0
/what-pressure-should-r449a/	R-449A vs R-404A on the same box: glide and dew-point reading	Side by side at 95°F outdoors	R-449A low side	95	35.0	47	54	322	374	dew	at 95°F outdoors	CoolProp 7.2.0
/what-pressure-should-r449a/	R-449A vs R-404A on the same box: glide and dew-point reading	Side by side at 95°F outdoors	R-449A high side	95	35.0	276	338	1,905	2,328	bubble	at 95°F outdoors	CoolProp 7.2.0
/what-pressure-should-r449a/	R-449A vs R-404A on the same box: glide and dew-point reading	Side by side at 95°F outdoors	R-404A low side	95	35.0	58	66	400	458	dew	at 95°F outdoors	CoolProp 7.2.0
/what-pressure-should-r449a/	R-449A vs R-404A on the same box: glide and dew-point reading	Side by side at 95°F outdoors	R-404A high side	95	35.0	273	333	1,879	2,298	bubble	at 95°F outdoors	CoolProp 7.2.0
/what-pressure-should-r454c/	R-454C pressures for walk-in coolers and freezers	Suction pressure by application (AHRI 1250 walk-in coil temperatures)	Walk-in cooler (25°F coil)	25	-3.9	40	46	273	319	dew	25°F cooler coil ±3°F (AHRI 1250 Table 16)	AHRI 1250-2020 Tables 16/17
/what-pressure-should-r454c/	R-454C pressures for walk-in coolers and freezers	Suction pressure by application (AHRI 1250 walk-in coil temperatures)	Walk-in freezer (-20°F coil)	-20	-28.9	5.7	8.8	39	61	dew	−20°F freezer coil ±3°F (AHRI 1250 Table 17)	AHRI 1250-2020 Tables 16/17
/what-pressure-should-r454c/	Head pressure by outdoor temperature	Head (discharge) pressure by outdoor temperature (65–115°F)	Head	65	18.3	166	207	1,141	1,429	bubble	condenser 15–30°F above outdoor	CoolProp 7.2.0
/what-pressure-should-r454c/	Head pressure by outdoor temperature	Head (discharge) pressure by outdoor temperature (65–115°F)	Head	70	21.1	179	223	1,232	1,534	bubble	condenser 15–30°F above outdoor	CoolProp 7.2.0
/what-pressure-should-r454c/	Head pressure by outdoor temperature	Head (discharge) pressure by outdoor temperature (65–115°F)	Head	75	23.9	193	239	1,328	1,645	bubble	condenser 15–30°F above outdoor	CoolProp 7.2.0
/what-pressure-should-r454c/	Head pressure by outdoor temperature	Head (discharge) pressure by outdoor temperature (65–115°F)	Head	80	26.7	207	255	1,429	1,761	bubble	condenser 15–30°F above outdoor	CoolProp 7.2.0
/what-pressure-should-r454c/	Head pressure by outdoor temperature	Head (discharge) pressure by outdoor temperature (65–115°F)	Head	85	29.4	223	273	1,534	1,883	bubble	condenser 15–30°F above outdoor	CoolProp 7.2.0
/what-pressure-should-r454c/	Head pressure by outdoor temperature	Head (discharge) pressure by outdoor temperature (65–115°F)	Head	90	32.2	239	292	1,645	2,010	bubble	condenser 15–30°F above outdoor	CoolProp 7.2.0
/what-pressure-should-r454c/	Head pressure by outdoor temperature	Head (discharge) pressure by outdoor temperature (65–115°F)	Head	95	35.0	255	311	1,761	2,143	bubble	condenser 15–30°F above outdoor	CoolProp 7.2.0
/what-pressure-should-r454c/	Head pressure by outdoor temperature	Head (discharge) pressure by outdoor temperature (65–115°F)	Head	100	37.8	273	331	1,883	2,282	bubble	condenser 15–30°F above outdoor	CoolProp 7.2.0
/what-pressure-should-r454c/	Head pressure by outdoor temperature	Head (discharge) pressure by outdoor temperature (65–115°F)	Head	105	40.6	292	352	2,010	2,427	bubble	condenser 15–30°F above outdoor	CoolProp 7.2.0
/what-pressure-should-r454c/	Head pressure by outdoor temperature	Head (discharge) pressure by outdoor temperature (65–115°F)	Head	110	43.3	311	374	2,143	2,578	bubble	condenser 15–30°F above outdoor	CoolProp 7.2.0
/what-pressure-should-r454c/	Head pressure by outdoor temperature	Head (discharge) pressure by outdoor temperature (65–115°F)	Head	115	46.1	331	397	2,282	2,736	bubble	condenser 15–30°F above outdoor	CoolProp 7.2.0
/what-pressure-should-r454c/	Standing pressure: a wide dew-to-bubble range	Standing pressure, system off and equalized	Standing	65	18.3	102	130	706	896	dew–bubble	system off, equalized	CoolProp 7.2.0
/what-pressure-should-r454c/	Standing pressure: a wide dew-to-bubble range	Standing pressure, system off and equalized	Standing	70	21.1	112	141	773	973	dew–bubble	system off, equalized	CoolProp 7.2.0
/what-pressure-should-r454c/	Standing pressure: a wide dew-to-bubble range	Standing pressure, system off and equalized	Standing	75	23.9	123	153	845	1,055	dew–bubble	system off, equalized	CoolProp 7.2.0
/what-pressure-should-r454c/	Standing pressure: a wide dew-to-bubble range	Standing pressure, system off and equalized	Standing	80	26.7	134	166	922	1,141	dew–bubble	system off, equalized	CoolProp 7.2.0
/what-pressure-should-r454c/	Standing pressure: a wide dew-to-bubble range	Standing pressure, system off and equalized	Standing	85	29.4	146	179	1,003	1,232	dew–bubble	system off, equalized	CoolProp 7.2.0
/what-pressure-should-r454c/	Standing pressure: a wide dew-to-bubble range	Standing pressure, system off and equalized	Standing	90	32.2	158	193	1,089	1,328	dew–bubble	system off, equalized	CoolProp 7.2.0
/what-pressure-should-r454c/	Standing pressure: a wide dew-to-bubble range	Standing pressure, system off and equalized	Standing	95	35.0	171	207	1,180	1,429	dew–bubble	system off, equalized	CoolProp 7.2.0
/what-pressure-should-r454c/	Standing pressure: a wide dew-to-bubble range	Standing pressure, system off and equalized	Standing	100	37.8	185	223	1,277	1,534	dew–bubble	system off, equalized	CoolProp 7.2.0
/what-pressure-should-r454c/	Standing pressure: a wide dew-to-bubble range	Standing pressure, system off and equalized	Standing	105	40.6	200	239	1,378	1,645	dew–bubble	system off, equalized	CoolProp 7.2.0
/what-pressure-should-r454c/	Standing pressure: a wide dew-to-bubble range	Standing pressure, system off and equalized	Standing	110	43.3	216	255	1,486	1,761	dew–bubble	system off, equalized	CoolProp 7.2.0
/what-pressure-should-r454c/	Standing pressure: a wide dew-to-bubble range	Standing pressure, system off and equalized	Standing	115	46.1	232	273	1,599	1,883	dew–bubble	system off, equalized	CoolProp 7.2.0
/what-pressure-should-r744/	CO₂ suction pressure for coolers and freezers	CO₂ suction pressure by application (AHRI 1250 walk-in coil temperatures)	Walk-in cooler (25°F coil)	25	-3.9	420	462	2,898	3,183	dew	25°F cooler coil ±3°F (AHRI 1250 Table 16)	AHRI 1250-2020 Tables 16/17
/what-pressure-should-r744/	CO₂ suction pressure for coolers and freezers	CO₂ suction pressure by application (AHRI 1250 walk-in coil temperatures)	Walk-in freezer (-20°F coil)	-20	-28.9	189	212	1,300	1,464	dew	−20°F freezer coil ±3°F (AHRI 1250 Table 17)	AHRI 1250-2020 Tables 16/17
/what-pressure-should-r744/	The high side below and above the critical point	Subcritical high-side (condensing) pressure, 40–85°F	Condensing	40	4.4	553	553	3,812	3,812	bubble	subcritical condensing	CoolProp 7.2.0
/what-pressure-should-r744/	The high side below and above the critical point	Subcritical high-side (condensing) pressure, 40–85°F	Condensing	45	7.2	594	594	4,099	4,099	bubble	subcritical condensing	CoolProp 7.2.0
/what-pressure-should-r744/	The high side below and above the critical point	Subcritical high-side (condensing) pressure, 40–85°F	Condensing	50	10.0	638	638	4,401	4,401	bubble	subcritical condensing	CoolProp 7.2.0
/what-pressure-should-r744/	The high side below and above the critical point	Subcritical high-side (condensing) pressure, 40–85°F	Condensing	55	12.8	684	684	4,719	4,719	bubble	subcritical condensing	CoolProp 7.2.0
/what-pressure-should-r744/	The high side below and above the critical point	Subcritical high-side (condensing) pressure, 40–85°F	Condensing	60	15.6	733	733	5,054	5,054	bubble	subcritical condensing	CoolProp 7.2.0
/what-pressure-should-r744/	The high side below and above the critical point	Subcritical high-side (condensing) pressure, 40–85°F	Condensing	65	18.3	784	784	5,407	5,407	bubble	subcritical condensing	CoolProp 7.2.0
/what-pressure-should-r744/	The high side below and above the critical point	Subcritical high-side (condensing) pressure, 40–85°F	Condensing	70	21.1	838	838	5,779	5,779	bubble	subcritical condensing	CoolProp 7.2.0
/what-pressure-should-r744/	The high side below and above the critical point	Subcritical high-side (condensing) pressure, 40–85°F	Condensing	75	23.9	895	895	6,170	6,170	bubble	subcritical condensing	CoolProp 7.2.0
/what-pressure-should-r744/	The high side below and above the critical point	Subcritical high-side (condensing) pressure, 40–85°F	Condensing	80	26.7	955	955	6,584	6,584	bubble	subcritical condensing	CoolProp 7.2.0
/what-pressure-should-r744/	The high side below and above the critical point	Subcritical high-side (condensing) pressure, 40–85°F	Condensing	85	29.4	1,018	1,018	7,021	7,021	bubble	subcritical condensing	CoolProp 7.2.0
/what-pressure-should-r744/	The high side below and above the critical point	Subcritical high-side (condensing) pressure, 40–85°F	Critical point	87.8°F	30.98	1,055	1,055			dataset critical point	no saturation above this point	CoolProp 7.2.0
/what-pressure-should-r744/	Standstill pressure	Standstill saturation pressure, 65–85°F	Standstill	65	18.3	784	784	5,407	5,407	saturation	system off	CoolProp 7.2.0
/what-pressure-should-r744/	Standstill pressure	Standstill saturation pressure, 65–85°F	Standstill	70	21.1	838	838	5,779	5,779	saturation	system off	CoolProp 7.2.0
/what-pressure-should-r744/	Standstill pressure	Standstill saturation pressure, 65–85°F	Standstill	75	23.9	895	895	6,170	6,170	saturation	system off	CoolProp 7.2.0
/what-pressure-should-r744/	Standstill pressure	Standstill saturation pressure, 65–85°F	Standstill	80	26.7	955	955	6,584	6,584	saturation	system off	CoolProp 7.2.0
/what-pressure-should-r744/	Standstill pressure	Standstill saturation pressure, 65–85°F	Standstill	85	29.4	1,018	1,018	7,021	7,021	saturation	system off	CoolProp 7.2.0
